id,first_name,last_name,email,gender,adress,language
1,Patti,Dowears,pdowears0@php.net,Female,98578 Mcguire Way,Thai
2,Amber,Garvin,agarvin1@amazonaws.com,Female,86 Dapin Way,Punjabi
3,Dottie,Heckney,dheckney2@biblegateway.com,Female,73 Claremont Drive,Tajik
4,Agosto,Raoult,araoult3@buzzfeed.com,Male,5 Miller Circle,Persian
5,Percival,Baudouin,pbaudouin4@yahoo.co.jp,Male,6 Old Gate Point,Bengali
6,Egon,Vasenin,evasenin5@yale.edu,Male,31878 Cardinal Way,Maltese
7,Arvie,Nudde,anudde6@unc.edu,Male,69 Forest Dale Park,Telugu
8,Alicia,Crannis,acrannis7@mediafire.com,Female,9165 Packers Hill,German
9,Vivie,Ison,vison8@sfgate.com,Female,2 Old Shore Road,Haitian Creole
10,Maynard,Curnokk,mcurnokk9@fotki.com,Male,90310 Browning Junction,Haitian Creole
11,Chadwick,O'Hagirtie,cohagirtiea@canalblog.com,Male,127 Dwight Avenue,Haitian Creole
12,Daphne,Pech,dpechb@imgur.com,Female,53299 Prentice Court,Portuguese
13,Rosita,Baruch,rbaruchc@hugedomains.com,Female,22 Dennis Hill,Romanian
14,Dyanna,Rosebotham,drosebothamd@bbb.org,Female,1391 Roxbury Circle,Romanian
15,Carlin,Andriveau,candriveaue@tinypic.com,Male,20 Holmberg Circle,Yiddish
16,Keen,Pote,kpotef@nsw.gov.au,Male,2470 Merchant Plaza,Ndebele
17,Bevon,Huddart,bhuddartg@walmart.com,Male,529 Garrison Parkway,Filipino
18,Lisette,Gilyatt,lgilyatth@businessinsider.com,Female,451 Clarendon Hill,Bosnian
19,Amery,Willoughley,awilloughleyi@telegraph.co.uk,Male,9 Oxford Plaza,Dhivehi
20,Hamil,Buscher,hbuscherj@cnet.com,Male,3 Forest Run Trail,Kurdish
21,Missy,McCaughey,mmccaugheyk@google.es,Female,53 Morningstar Way,Bislama
22,Ned,Camelli,ncamellil@icio.us,Male,25 Kipling Lane,Latvian
23,Tami,Bushill,tbushillm@toplist.cz,Female,4 Schlimgen Lane,Bulgarian
24,Goldy,Brazil,gbraziln@behance.net,Female,1803 Anderson Lane,Italian
25,Erin,Cridlin,ecridlino@edublogs.org,Female,213 Dexter Point,Aymara
26,Norene,Kender,nkenderp@mapquest.com,Female,77 Springs Point,Nepali
27,Kellia,Wall,kwallq@wp.com,Female,20 Hanover Point,Pashto
28,Tremayne,Ghio,tghior@usa.gov,Male,26 Orin Trail,Fijian
29,Coletta,Cord,ccords@flickr.com,Female,04574 Esch Lane,Portuguese
30,Debbie,Hughman,dhughmant@oaic.gov.au,Female,55 Thackeray Park,Hebrew
31,Kelby,Castellaccio,kcastellacciou@baidu.com,Male,137 Knutson Hill,Dhivehi
32,Corby,Waryk,cwarykv@usgs.gov,Male,4655 Debra Street,West Frisian
33,Maurits,Calvey,mcalveyw@addthis.com,Male,7143 Morrow Court,Georgian
34,Henriette,Ruppele,hruppelex@usnews.com,Female,069 Lake View Plaza,Mongolian
35,Kirby,Josephoff,kjosephoffy@123-reg.co.uk,Female,4 Oakridge Terrace,Assamese
36,Roanne,Andrini,randriniz@ucoz.ru,Female,1 Mandrake Alley,Aymara
37,Hugh,Bruno,hbruno10@t-online.de,Male,4 Larry Terrace,Maltese
38,Daffie,Shales,dshales11@msn.com,Female,991 Fremont Center,Polish
39,Adrien,Magill,amagill12@nymag.com,Male,637 Summit Court,Hindi
40,Bald,Boakes,bboakes13@earthlink.net,Male,64915 Green Ridge Center,Bislama
41,Caddric,Brinsden,cbrinsden14@shinystat.com,Male,2 Rockefeller Park,West Frisian
42,Dewey,Massei,dmassei15@vkontakte.ru,Male,63027 Stephen Road,Bosnian
43,Isidore,Curphey,icurphey16@redcross.org,Male,120 Surrey Terrace,Zulu
44,Janel,Scardefield,jscardefield17@discuz.net,Female,54 Blaine Road,Marathi
45,Kristel,Marmion,kmarmion18@nationalgeographic.com,Female,0917 Jana Lane,Gujarati
46,Ignazio,Gisburn,igisburn19@ca.gov,Male,8164 Kenwood Street,Tswana
47,Staffard,Baddow,sbaddow1a@addtoany.com,Male,9 Lake View Alley,Pashto
48,Bruce,Borles,bborles1b@cocolog-nifty.com,Male,695 Trailsway Hill,Thai
49,Jared,Bullant,jbullant1c@unc.edu,Male,95 Kennedy Way,Kashmiri
50,Levon,Quinn,lquinn1d@globo.com,Male,8805 Briar Crest Plaza,Polish
51,Tracie,Derdes,tderdes1e@slate.com,Male,8 Eagle Crest Hill,Khmer
52,Reiko,Monckton,rmonckton1f@chronoengine.com,Female,6 Erie Circle,Assamese
53,Ranique,Harverson,rharverson1g@quantcast.com,Female,64850 Katie Alley,Swahili
54,Annnora,Cruess,acruess1h@webeden.co.uk,Female,96413 Springview Junction,Tetum
55,Osbert,Middleditch,omiddleditch1i@merriam-webster.com,Male,97858 Surrey Terrace,Maltese
56,Annissa,Dafforne,adafforne1j@bluehost.com,Female,142 Schurz Crossing,Nepali
57,Guntar,Coaker,gcoaker1k@foxnews.com,Male,9 Elmside Avenue,Amharic
58,Jennette,Barrett,jbarrett1l@naver.com,Female,5256 Buena Vista Street,Tetum
59,Rica,De Mitris,rdemitris1m@statcounter.com,Female,84 Susan Center,Quechua
60,Selby,Noblet,snoblet1n@delicious.com,Male,416 Tomscot Circle,Telugu
61,Tyler,Sehorsch,tsehorsch1o@dot.gov,Male,14 Northfield Junction,Norwegian
62,Job,Kuhnwald,jkuhnwald1p@abc.net.au,Male,351 Crescent Oaks Trail,Romanian
63,Shaylyn,Ghelerdini,sghelerdini1q@hc360.com,Female,991 Farmco Park,Kyrgyz
64,Edwin,Escoffrey,eescoffrey1r@reuters.com,Male,501 Ilene Way,Swati
65,Bernard,Saltman,bsaltman1s@google.de,Male,0 Mccormick Avenue,Luxembourgish
66,Hugues,Marzello,hmarzello1t@ihg.com,Male,16395 Weeping Birch Drive,Sotho
67,Velma,Ferrari,vferrari1u@t.co,Female,40130 Heffernan Pass,Latvian
68,Cori,Lamberth,clamberth1v@tinyurl.com,Male,7 Burrows Junction,Quechua
69,Anitra,Djokovic,adjokovic1w@ox.ac.uk,Female,1 Division Way,Tsonga
70,Martino,Yukhnini,myukhnini1x@linkedin.com,Male,044 Elka Parkway,Bulgarian
71,Roger,Colley,rcolley1y@telegraph.co.uk,Male,45 Dayton Hill,Zulu
72,Monti,Berkery,mberkery1z@ibm.com,Male,15 Nancy Court,Estonian
73,Sashenka,Casebourne,scasebourne20@chron.com,Female,258 Sachs Place,Assamese
74,Kenn,Greenland,kgreenland21@yellowbook.com,Male,96 Maywood Parkway,Swedish
75,Annelise,MacTurlough,amacturlough22@dion.ne.jp,Female,60 Milwaukee Court,Tok Pisin
76,Sheena,Heffernon,sheffernon23@bluehost.com,Female,44557 Prentice Terrace,Hindi
77,Lothaire,Dineges,ldineges24@who.int,Male,379 Morrow Place,Dutch
78,Joellyn,Marzelo,jmarzelo25@slideshare.net,Female,2 5th Drive,Armenian
79,Mannie,Scinelli,mscinelli26@mozilla.com,Male,179 Continental Avenue,"Japanese,Korean"
80,Marya,Culpen,mculpen27@rambler.ru,Female,8266 Rusk Terrace,Pashto
81,Samuel,Propper,spropper28@cdbaby.com,Male,23476 Manufacturers Drive,Yiddish
82,Pascal,Faircloth,pfaircloth29@ifeng.com,Male,14222 Ramsey Park,Tswana
83,Myriam,Jeaycock,mjeaycock2a@delicious.com,Female,7465 Ramsey Center,Oriya
84,Bertram,Wannop,bwannop2b@vimeo.com,Male,800 Pearson Way,"Thai,Chinese"
85,Courtney,Schollar,cschollar2c@stanford.edu,Female,4843 Armistice Trail,Zulu
86,Philippine,Fomichyov,pfomichyov2d@nbcnews.com,Female,30 Sage Lane,Latvian
87,Ferdie,Dicker,fdicker2e@ibm.com,Male,08850 Onsgard Terrace,Irish Gaelic
88,Kirsten,Jerrom,kjerrom2f@answers.com,Female,69 Russell Hill,Kannada
89,Justinn,Sawrey,jsawrey2g@jigsy.com,Female,890 Redwing Pass,Spanish
90,Elysee,Haggis,ehaggis2h@wired.com,Female,944 Maryland Drive,Dari
91,Roxie,Hrinchenko,rhrinchenko2i@cargocollective.com,Female,77 Lyons Way,Norwegian
92,Lindsey,Kerans,lkerans2j@bloglovin.com,Male,59490 Grayhawk Pass,Kannada
93,Jilli,Pearl,jpearl2k@technorati.com,Female,461 Kennedy Plaza,Tajik
94,Godfrey,Torpie,gtorpie2l@vkontakte.ru,Male,4913 Bellgrove Court,Sotho
95,Clementia,Suddards,csuddards2m@latimes.com,Female,50053 Birchwood Court,Lithuanian
96,Cherianne,Filan,cfilan2n@nbcnews.com,Female,9805 North Road,Gagauz
97,Jehu,Pignon,jpignon2o@shareasale.com,Male,1718 Clove Court,Ndebele
98,Harriette,Tregea,htregea2p@yelp.com,Female,51 Ludington Court,Tswana
99,Huey,Vannuccinii,hvannuccinii2q@odnoklassniki.ru,Male,750 Pleasure Avenue,Bengali
100,Harwilll,Eckart,heckart2r@cbsnews.com,Male,3150 Forest Run Road,Haitian Creole
101,Whitman,Arundell,warundell2s@friendfeed.com,Male,6 Lukken Hill,Papiamento
102,Zeb,Bray,zbray2t@gov.uk,Male,5 Delaware Avenue,Albanian
103,Des,Ruffli,druffli2u@ycombinator.com,Male,235 Dwight Alley,Catalan
104,Gaspar,Hugnot,ghugnot2v@google.com.hk,Male,61 Pawling Terrace,Azeri
105,Dennie,Witherup,dwitherup2w@vk.com,Female,38668 Helena Trail,Filipino
106,Leanora,Brower,lbrower2x@sciencedaily.com,Female,9215 Florence Crossing,Tajik
107,Bondon,Kornousek,bkornousek2y@123-reg.co.uk,Male,81580 Northport Point,Assamese
108,Tawnya,Serridge,tserridge2z@is.gd,Female,7 Michigan Parkway,Icelandic
109,Cheston,Doctor,cdoctor30@printfriendly.com,Male,365 Charing Cross Point,Hungarian
110,Aldis,Trembath,atrembath31@constantcontact.com,Male,9 Claremont Pass,Marathi
111,Cathi,Randalston,crandalston32@indiegogo.com,Female,4738 Lawn Hill,Belarusian
112,Mel,Howman,mhowman33@bigcartel.com,Male,2236 Pond Circle,"Japanese,Chinese"
113,Whitaker,Hallifax,whallifax34@posterous.com,Male,75 Milwaukee Center,Greek
114,Royce,Cattach,rcattach35@over-blog.com,Male,8122 Grayhawk Alley,Filipino
115,Stinky,Maddra,smaddra36@slideshare.net,Male,5 Monument Crossing,Tajik
116,Ansel,Choppin,achoppin37@sogou.com,Male,26730 Elgar Alley,Assamese
117,Hadley,Orbine,horbine38@mediafire.com,Male,05 Village Parkway,Icelandic
118,Iago,Foran,iforan39@hostgator.com,Male,65 Talisman Place,Czech
119,Kaspar,Burgoine,kburgoine3a@seattletimes.com,Male,54671 Londonderry Avenue,Papiamento
120,Clarice,Godlee,cgodlee3b@t.co,Female,83400 Roxbury Plaza,Aymara
121,Willetta,Tine,wtine3c@buzzfeed.com,Female,0840 Dwight Alley,Burmese
122,Kimball,Reidshaw,kreidshaw3d@dagondesign.com,Male,238 Brentwood Street,Haitian Creole
123,Katrina,Ilyuchyov,kilyuchyov3e@cdbaby.com,Female,2 Warrior Drive,Persian
124,Carolus,Ossipenko,cossipenko3f@icio.us,Male,064 Golden Leaf Junction,Swahili
125,Greer,Babidge,gbabidge3g@miitbeian.gov.cn,Female,51 International Parkway,Tok Pisin
126,Byrann,Saltern,bsaltern3h@google.co.jp,Male,219 Blaine Place,Spanish
127,Ashia,Grafhom,agrafhom3i@gravatar.com,Female,7621 Jenifer Drive,Marathi
128,Lewie,Gluyus,lgluyus3j@drupal.org,Male,00 Pleasure Plaza,Estonian
129,Angelina,Frodsam,afrodsam3k@youku.com,Female,25865 Sachs Hill,Swedish
130,Leola,Killford,lkillford3l@theguardian.com,Female,5 Maywood Alley,Ndebele
131,Patton,Sammut,psammut3m@businesswire.com,Male,09631 Towne Avenue,Kashmiri
132,Aloin,Billitteri,abillitteri3n@booking.com,Male,97886 Eliot Junction,Tajik
133,Lester,Dagless,ldagless3o@symantec.com,Male,74 Hermina Lane,Amharic
134,Erina,Gibbard,egibbard3p@wufoo.com,Female,741 Buhler Way,Finnish
135,Muffin,Haslegrave,mhaslegrave3q@bing.com,Female,85 Green Ridge Point,Dari
136,Ramsey,Bedingfield,rbedingfield3r@elpais.com,Male,90768 Loeprich Lane,Norwegian
137,Letti,Janku,ljanku3s@cbsnews.com,Female,2 Toban Way,Haitian Creole
138,Broderick,Fluin,bfluin3t@amazon.com,Male,195 Paget Parkway,Macedonian
139,Waldon,Askam,waskam3u@sciencedirect.com,Male,408 Drewry Junction,Belarusian
140,Nicolle,Jovasevic,njovasevic3v@typepad.com,Female,64058 North Plaza,Marathi
141,Jaquenette,Wrought,jwrought3w@ucsd.edu,Female,6761 Gulseth Court,Moldovan
142,Ashby,Hulles,ahulles3x@senate.gov,Male,32 Clyde Gallagher Crossing,Punjabi
143,Lammond,Leheude,lleheude3y@upenn.edu,Male,250 Glendale Drive,Aymara
144,Shermy,Corbitt,scorbitt3z@technorati.com,Male,45408 International Terrace,Finnish
145,Nathanael,Freeland,nfreeland40@skype.com,Male,66265 Lillian Trail,Marathi
146,Elyssa,Brimilcombe,ebrimilcombe41@tumblr.com,Female,4 Straubel Court,Papiamento
147,Jammal,Newman,jnewman42@webnode.com,Male,0 Bowman Drive,Burmese
148,Carlina,Servant,cservant43@mtv.com,Female,61 Mifflin Court,Japanese
149,Daven,Worsley,dworsley44@sciencedirect.com,Male,519 Duke Terrace,Fijian
150,Missie,Stawell,mstawell45@hatena.ne.jp,Female,1465 Manitowish Trail,Oriya
151,Nels,Van den Velde,nvandenvelde46@omniture.com,Male,4775 Everett Center,Malayalam
152,Adelheid,Traice,atraice47@earthlink.net,Female,37654 Onsgard Pass,Yiddish
153,Betty,Hache,bhache48@trellian.com,Female,5195 Duke Street,Tsonga
154,Corri,Stephens,cstephens49@craigslist.org,Female,1 Mockingbird Lane,Italian
155,Klara,Tebbs,ktebbs4a@liveinternet.ru,Female,872 Spenser Center,Maltese
156,Kristopher,Casbourne,kcasbourne4b@ca.gov,Male,8976 Pine View Center,Malayalam
157,Mitch,Matzaitis,mmatzaitis4c@usnews.com,Male,26 Utah Avenue,Azeri
158,Trev,Gosney,tgosney4d@netlog.com,Male,28612 Orin Point,Tok Pisin
159,Rebe,Hrinchenko,rhrinchenko4e@shareasale.com,Female,6872 Sherman Center,German
160,Fidelio,Jedrzejkiewicz,fjedrzejkiewicz4f@networksolutions.com,Male,69206 Hanover Trail,Czech
161,Irwinn,Dobbie,idobbie4g@dagondesign.com,Male,57 Autumn Leaf Place,Mongolian
162,Timmi,Beaven,tbeaven4h@reverbnation.com,Female,175 Spaight Pass,Tswana
163,Hilda,Catt,hcatt4i@csmonitor.com,Female,6 Brickson Park Park,German
164,Tallia,Tolputt,ttolputt4j@shutterfly.com,Female,19207 Hovde Pass,Guaraní
165,Regan,Beyn,rbeyn4k@skyrock.com,Female,0 Caliangt Terrace,Finnish
166,Esteban,Betje,ebetje4l@springer.com,Male,528 Randy Point,Luxembourgish
167,Zechariah,Edscer,zedscer4m@army.mil,Male,8888 Messerschmidt Trail,Assamese
168,Gan,Fricker,gfricker4n@yahoo.com,Male,2 Marquette Pass,Somali
169,Dagmar,Warnes,dwarnes4o@studiopress.com,Female,34 Maryland Junction,German
170,Blakelee,Hiseman,bhiseman4p@noaa.gov,Female,55981 Vernon Circle,Telugu
171,Ardene,Bremner,abremner4q@scientificamerican.com,Female,37364 Buell Pass,Nepali
172,Alard,Jirieck,ajirieck4r@squarespace.com,Male,743 Starling Parkway,Gujarati
173,Ab,Gogie,agogie4s@topsy.com,Male,6018 Schmedeman Center,Irish Gaelic
174,Tiebold,Quartly,tquartly4t@loc.gov,Male,11 Hintze Terrace,Tamil
175,Mayer,Larmett,mlarmett4u@illinois.edu,Male,3 Vermont Trail,Sotho
176,Ode,Cuffin,ocuffin4v@is.gd,Male,70850 Haas Terrace,Greek
177,Miltie,McKellar,mmckellar4w@github.com,Male,321 Messerschmidt Crossing,Gagauz
178,Leonid,Ebbers,lebbers4x@flavors.me,Male,86084 Moland Way,Belarusian
179,Rhiamon,Phillis,rphillis4y@foxnews.com,Female,47 American Alley,Gagauz
180,Olga,Kincla,okincla4z@cbsnews.com,Female,36578 Harper Way,Guaraní
181,Mathew,Murrish,mmurrish50@1688.com,Male,12 Hoffman Terrace,Tetum
182,Claudette,Durram,cdurram51@canalblog.com,Female,210 Veith Lane,Oriya
183,Terri,Abbys,tabbys52@blog.com,Female,3974 Burrows Lane,Gujarati
184,Hollyanne,Daen,hdaen53@house.gov,Female,48 Pleasure Way,Greek
185,Lion,Aspinwall,laspinwall54@php.net,Male,5 Nelson Lane,Polish
186,Nannette,Hauxby,nhauxby55@gnu.org,Female,685 Red Cloud Terrace,Korean
187,Eloise,Brimming,ebrimming56@ustream.tv,Female,92214 Donald Plaza,German
188,Luis,Grigs,lgrigs57@chronoengine.com,Male,00941 Sugar Plaza,Tswana
189,Melita,Bucklan,mbucklan58@phpbb.com,Female,6 Merrick Way,Malay
190,Codi,Kynvin,ckynvin59@t-online.de,Male,575 Autumn Leaf Plaza,Japanese
191,Willey,Premble,wpremble5a@businessweek.com,Male,6018 8th Junction,Tamil
192,Sonny,Vango,svango5b@g.co,Male,559 Erie Street,Sotho
193,Diahann,Hollows,dhollows5c@unc.edu,Female,254 Holy Cross Junction,Azeri
194,Moyra,Mossdale,mmossdale5d@mit.edu,Female,8 Anzinger Pass,Kashmiri
195,Phillipp,Bartholomaus,pbartholomaus5e@apache.org,Male,55472 Hooker Lane,Bislama
196,Casey,Koopman,ckoopman5f@alexa.com,Male,373 John Wall Place,Māori
197,Fan,Batterton,fbatterton5g@va.gov,Female,3 Mitchell Street,Somali
198,Susannah,Yelland,syelland5h@mit.edu,Female,46231 Melby Terrace,Norwegian
199,Janessa,Bloan,jbloan5i@newsvine.com,Female,30 American Drive,Guaraní
200,Claresta,Gladden,cgladden5j@xinhuanet.com,Female,8162 Sachtjen Avenue,Korean
201,Alene,Braidman,abraidman5k@ycombinator.com,Female,41536 Namekagon Road,Swahili
202,Damiano,Gready,dgready5l@phpbb.com,Male,57498 Erie Street,Bosnian
203,Bonni,Jolliff,bjolliff5m@plala.or.jp,Female,3128 Oneill Circle,Yiddish
204,Evelina,Dudley,edudley5n@barnesandnoble.com,Female,0 Muir Hill,Tsonga
205,Darby,Lacelett,dlacelett5o@geocities.jp,Female,9 Mayer Street,Ndebele
206,Buffy,Chatain,bchatain5p@tinypic.com,Female,89195 Hoard Point,Guaraní
207,Mimi,Brisland,mbrisland5q@4shared.com,Female,12672 Village Green Terrace,Dutch
208,Sholom,Clover,sclover5r@smh.com.au,Male,9235 Twin Pines Hill,Filipino
209,Bone,Griss,bgriss5s@w3.org,Male,7017 Continental Crossing,Moldovan
210,Hamlin,Hartil,hhartil5t@pen.io,Male,6221 Bowman Place,Bosnian
211,Lesley,Danilyak,ldanilyak5u@slideshare.net,Male,31697 Dapin Hill,Yiddish
212,Allie,Mackriell,amackriell5v@oracle.com,Female,75875 Carberry Center,Quechua
213,Darell,Bohje,dbohje5w@geocities.com,Female,5827 Garrison Drive,Finnish
214,Charley,McCuis,cmccuis5x@nba.com,Male,51 Merchant Drive,Romanian
215,Brody,MacGillivray,bmacgillivray5y@wikimedia.org,Male,796 Carioca Pass,Czech
216,Mahalia,Meace,mmeace5z@yellowbook.com,Female,8 Cherokee Circle,Norwegian
217,Matt,Kadd,mkadd60@goo.gl,Male,81892 Bartillon Drive,Irish Gaelic
218,Wiley,Elecum,welecum61@answers.com,Male,479 East Crossing,Dzongkha
219,Pet,Pafford,ppafford62@storify.com,Female,79010 Delaware Way,Persian
220,Andris,Pye,apye63@techcrunch.com,Male,37277 Del Mar Point,Icelandic
221,Teresina,Farrant,tfarrant64@sourceforge.net,Female,1 Reindahl Pass,Croatian
222,Benedikt,Laudham,blaudham65@nature.com,Male,71504 Kedzie Trail,Romanian
223,Bronnie,Stallan,bstallan66@twitter.com,Male,71 Ohio Court,Gujarati
224,Agace,Blase,ablase67@alexa.com,Female,5 Manley Street,Pashto
225,Barn,Frensch,bfrensch68@china.com.cn,Male,0 Mayer Lane,Montenegrin
226,Maggie,Gohn,mgohn69@nasa.gov,Female,0 Texas Park,Albanian
227,Loretta,Sprouls,lsprouls6a@constantcontact.com,Female,087 Glacier Hill Circle,Marathi
228,Jarred,Estrella,jestrella6b@cmu.edu,Male,611 Arizona Place,Tajik
229,Toiboid,Neggrini,tneggrini6c@bandcamp.com,Male,0 Talisman Plaza,Ndebele
230,Fanechka,Polino,fpolino6d@ucoz.com,Female,39 Sundown Center,Swahili
231,Marlo,Sweet,msweet6e@jiathis.com,Female,80 Welch Junction,Maltese
232,Byram,Cluderay,bcluderay6f@senate.gov,Male,62 Riverside Park,Afrikaans
233,Bonita,Bottinelli,bbottinelli6g@merriam-webster.com,Female,35 Eliot Way,Northern Sotho
234,Michal,Garard,mgarard6h@slideshare.net,Female,8 Westend Drive,West Frisian
235,Brigg,Cronkshaw,bcronkshaw6i@addtoany.com,Male,88010 Kingsford Center,Khmer
236,Deck,Hiddy,dhiddy6j@cdbaby.com,Male,24206 3rd Road,Oriya
237,Emilio,Duding,eduding6k@etsy.com,Male,66234 Dennis Center,Bosnian
238,Crissie,Kornyakov,ckornyakov6l@stanford.edu,Female,41 8th Junction,Icelandic
239,Sumner,Witherington,switherington6m@pagesperso-orange.fr,Male,32338 Sundown Circle,Kurdish
240,Livy,Dunnet,ldunnet6n@cbsnews.com,Female,3920 Meadow Valley Terrace,Tok Pisin
241,Bronson,Jude,bjude6o@hud.gov,Male,2 Valley Edge Pass,Gagauz
242,Marni,Coupe,mcoupe6p@desdev.cn,Female,902 Sundown Junction,Mongolian
243,Benn,Ferreli,bferreli6q@multiply.com,Male,428 Portage Hill,Aymara
244,Fredrika,Marrett,fmarrett6r@answers.com,Female,34 Calypso Place,Norwegian
245,Drake,Klimkin,dklimkin6s@so-net.ne.jp,Male,7753 Surrey Way,Hindi
246,Lana,Bransden,lbransden6t@nytimes.com,Female,7 Riverside Center,Indonesian
247,Giles,Sage,gsage6u@feedburner.com,Male,92082 Grayhawk Way,Amharic
248,Hildagarde,Kewley,hkewley6v@twitter.com,Female,109 Colorado Plaza,Kurdish
249,Clarence,Vigrass,cvigrass6w@cnet.com,Male,68129 Mcguire Parkway,Hungarian
250,Valina,Innocent,vinnocent6x@jiathis.com,Female,23 Express Hill,Latvian
251,Doralynne,McKeever,dmckeever6y@gizmodo.com,Female,3 Harper Park,Greek
252,Helga,Harold,hharold6z@hubpages.com,Female,39112 Loomis Alley,Quechua
253,Ganny,Fayerman,gfayerman70@washingtonpost.com,Male,04727 Algoma Road,Latvian
254,Pepito,Stonelake,pstonelake71@sakura.ne.jp,Male,60 Stang Crossing,Icelandic
255,Dorice,Sneezum,dsneezum72@quantcast.com,Female,2 Prairieview Alley,Polish
256,Phil,Childs,pchilds73@360.cn,Female,1966 Northland Hill,Chinese
257,Lynnet,Gildea,lgildea74@issuu.com,Female,81 Drewry Plaza,Tajik
258,Rogerio,Ellum,rellum75@pinterest.com,Male,68 Brentwood Alley,Punjabi
259,Coreen,MacGown,cmacgown76@printfriendly.com,Female,7 Dexter Avenue,Czech
260,Ileana,Dand,idand77@nih.gov,Female,1 Carpenter Alley,Portuguese
261,Wallas,Reddish,wreddish78@ucsd.edu,Male,7145 Laurel Center,Bosnian
262,Valeria,Sambeck,vsambeck79@ucoz.com,Female,25107 Carioca Crossing,Assamese
263,Belva,Warham,bwarham7a@shinystat.com,Female,03 Reindahl Lane,Amharic
264,Jerri,Casbolt,jcasbolt7b@barnesandnoble.com,Male,04365 Mifflin Road,Dhivehi
265,Case,Sinderson,csinderson7c@furl.net,Male,57738 Shelley Place,Bengali
266,Randolf,Van Niekerk,rvanniekerk7d@macromedia.com,Male,56438 Morningstar Circle,Italian
267,Alaric,Frean,afrean7e@adobe.com,Male,69308 Burrows Junction,Indonesian
268,Hakim,Paulusch,hpaulusch7f@amazon.co.jp,Male,49839 Fordem Trail,Dhivehi
269,Alameda,Lomasna,alomasna7g@odnoklassniki.ru,Female,3 Rutledge Street,Hiri Motu
270,Vinny,Falla,vfalla7h@upenn.edu,Female,291 Packers Hill,Chinese
271,Helli,Partrick,hpartrick7i@bizjournals.com,Female,386 Banding Plaza,Gujarati
272,Olivie,Rowson,orowson7j@ameblo.jp,Female,4 Menomonie Lane,Hebrew
273,Hieronymus,Manie,hmanie7k@phoca.cz,Male,9 Randy Junction,Dari
274,Yorke,Rennels,yrennels7l@yellowpages.com,Male,8 Crescent Oaks Court,Danish
275,Patrizius,Hatchett,phatchett7m@digg.com,Male,68 South Lane,Japanese
276,Olenka,Phetteplace,ophetteplace7n@webeden.co.uk,Female,2369 School Point,Malayalam
277,Sal,Beavers,sbeavers7o@sphinn.com,Male,44 5th Terrace,Tamil
278,Sigmund,Carcass,scarcass7p@parallels.com,Male,261 Dryden Court,Malay
279,Marys,Botwood,mbotwood7q@multiply.com,Female,164 Grayhawk Parkway,Sotho
280,Mattie,Gurg,mgurg7r@auda.org.au,Female,4 Cascade Plaza,Fijian
281,Cissiee,Ligoe,cligoe7s@ucoz.com,Female,8406 Bultman Lane,Hindi
282,Jobye,Glascott,jglascott7t@bizjournals.com,Female,731 Drewry Terrace,Bosnian
283,Emmaline,Van,evan7u@wsj.com,Female,506 Mosinee Terrace,Czech
284,Ewell,Bridgewood,ebridgewood7v@gnu.org,Male,382 Fulton Drive,Kurdish
285,Odilia,Bonwell,obonwell7w@newsvine.com,Female,9493 Sundown Point,Kannada
286,Nanine,Hoopper,nhoopper7x@photobucket.com,Female,5 Arrowood Point,Malagasy
287,Demetris,Burkart,dburkart7y@cdbaby.com,Female,563 Lindbergh Lane,Dari
288,Orelia,Hunte,ohunte7z@cbc.ca,Female,24 Bunting Way,Latvian
289,Charmain,Arnaldy,carnaldy80@tmall.com,Female,4319 Eastwood Terrace,Portuguese
290,Kassia,Ridd,kridd81@infoseek.co.jp,Female,834 Charing Cross Plaza,Afrikaans
291,Randy,Hovert,rhovert82@sbwire.com,Male,466 Welch Alley,Tok Pisin
292,Stace,Lippiatt,slippiatt83@foxnews.com,Female,40124 Barby Way,Gujarati
293,Rowena,Barrett,rbarrett84@jimdo.com,Female,53 Rutledge Alley,Hiri Motu
294,Ginny,Sincock,gsincock85@google.co.uk,Female,36599 Northfield Circle,Moldovan
295,Rivy,Kemwall,rkemwall86@ftc.gov,Female,4110 1st Point,Punjabi
296,Jaime,Freshwater,jfreshwater87@discuz.net,Male,4804 Kingsford Hill,Italian
297,Colette,Blackaller,cblackaller88@telegraph.co.uk,Female,07 Helena Place,Sotho
298,Vergil,Tummond,vtummond89@reuters.com,Male,7041 Novick Junction,Dari
299,Arluene,Kear,akear8a@godaddy.com,Female,4262 Ridgeway Parkway,Pashto
300,Maurice,Northgraves,mnorthgraves8b@yahoo.com,Male,0 Acker Pass,Telugu
301,Henderson,Brumhead,hbrumhead8c@cloudflare.com,Male,3 Bartelt Pass,Swedish
302,Vaughan,Gusticke,vgusticke8d@wikipedia.org,Male,06 Talmadge Hill,Bengali
303,Kaila,Bowery,kbowery8e@columbia.edu,Female,82 Hanson Alley,Danish
304,Luci,Commuzzo,lcommuzzo8f@va.gov,Female,76454 Annamark Point,Armenian
305,Baillie,Hazeldene,bhazeldene8g@dyndns.org,Male,4834 Oak Street,Romanian
306,Alvera,Cassel,acassel8h@youtube.com,Female,00408 Twin Pines Lane,Lao
307,Eugenius,Flowitt,eflowitt8i@mapy.cz,Male,7 Karstens Circle,Danish
308,Wiatt,Emerson,wemerson8j@github.com,Male,264 Claremont Parkway,Maltese
309,Abe,Mower,amower8k@samsung.com,Male,83 Ronald Regan Avenue,Swati
310,Leslie,Greystock,lgreystock8l@reddit.com,Female,29449 Banding Center,Dzongkha
311,Beniamino,Henzer,bhenzer8m@example.com,Male,94 Bowman Junction,Polish
312,Theo,Doggerell,tdoggerell8n@ifeng.com,Male,34975 Blaine Junction,Amharic
313,Adrienne,Maton,amaton8o@buzzfeed.com,Female,00 Packers Plaza,English
314,Thorin,Keller,tkeller8p@dion.ne.jp,Male,6854 American Ash Terrace,Swahili
315,Estel,Wayman,ewayman8q@statcounter.com,Female,44436 Blue Bill Park Circle,Kyrgyz
316,Papageno,Samett,psamett8r@wisc.edu,Male,05 Mendota Circle,Zulu
317,Terrijo,Ferrierio,tferrierio8s@51.la,Female,5 Pennsylvania Park,Zulu
318,Eldredge,Reven,ereven8t@printfriendly.com,Male,0290 Shasta Plaza,Oriya
319,Damara,Millea,dmillea8u@toplist.cz,Female,0 Ohio Point,Catalan
320,Philippine,Filshin,pfilshin8v@spotify.com,Female,574 Shasta Court,Latvian
321,Fulton,Marquess,fmarquess8w@t.co,Male,37 Hovde Avenue,Tswana
322,Agna,Martine,amartine8x@psu.edu,Female,31421 Macpherson Alley,Romanian
323,Willey,Basile,wbasile8y@arizona.edu,Male,5065 Stoughton Place,West Frisian
324,Joela,Twidale,jtwidale8z@twitter.com,Female,83868 Village Place,Dhivehi
325,Bentley,Skittrell,bskittrell90@youtube.com,Male,36159 Cody Way,Burmese
326,Alexei,Ruller,aruller91@vistaprint.com,Male,97245 4th Center,Albanian
327,Allayne,Willox,awillox92@jiathis.com,Male,590 Pearson Way,Kazakh
328,Carrol,O'Kinneally,cokinneally93@bloglines.com,Male,52296 Buhler Street,Khmer
329,Emmie,Ansteys,eansteys94@google.fr,Female,74319 Pennsylvania Terrace,Burmese
330,Joyan,Baterip,jbaterip95@amazonaws.com,Female,391 Karstens Lane,Polish
331,Cecilia,Halwood,chalwood96@wikipedia.org,Female,883 Shasta Court,German
332,Tait,Yockney,tyockney97@cbc.ca,Male,4951 Pleasure Junction,Italian
333,Berton,Sizland,bsizland98@weebly.com,Male,6358 Arrowood Plaza,Finnish
334,Faber,Cullotey,fcullotey99@oaic.gov.au,Male,7 Independence Terrace,Assamese
335,Willy,Buncom,wbuncom9a@nasa.gov,Female,3 Burrows Pass,Kashmiri
336,Hedvige,Smallman,hsmallman9b@squarespace.com,Female,327 Talisman Place,Dzongkha
337,Evan,Gemelli,egemelli9c@tinyurl.com,Male,4 Golf Course Alley,Tok Pisin
338,Mace,Pidler,mpidler9d@vk.com,Male,1564 Union Terrace,Danish
339,Gibbie,Haslock(e),ghaslocke9e@hc360.com,Male,53819 Delladonna Center,Punjabi
340,Victoria,Spatari,vspatari9f@github.com,Female,93 Merry Junction,Dari
341,Babbie,Crayker,bcrayker9g@moonfruit.com,Female,4 New Castle Trail,West Frisian
342,Darill,Boam,dboam9h@yelp.com,Male,5601 Lakeland Pass,Spanish
343,Marabel,Fereday,mfereday9i@example.com,Female,3 Sunnyside Court,Hungarian
344,Joyann,Halgarth,jhalgarth9j@zimbio.com,Female,94837 Maryland Road,Kannada
345,Archibaldo,Bonds,abonds9k@acquirethisname.com,Male,14069 Dennis Crossing,Luxembourgish
346,Tonye,Mowsdill,tmowsdill9l@yelp.com,Female,36127 Chinook Place,Finnish
347,Roanne,Orgill,rorgill9m@abc.net.au,Female,59 Declaration Court,Macedonian
348,Helaine,Lavallie,hlavallie9n@seesaa.net,Female,29 Luster Place,Indonesian
349,Berk,Pickthall,bpickthall9o@ask.com,Male,40 Hanson Way,Tswana
350,Alis,Palfreeman,apalfreeman9p@pagesperso-orange.fr,Female,874 Pankratz Circle,New Zealand Sign Language
351,Bird,Quarrington,bquarrington9q@home.pl,Female,2 Westridge Drive,Nepali
352,Elston,Hunting,ehunting9r@admin.ch,Male,51 Pond Terrace,Polish
353,Alisun,Commins,acommins9s@ocn.ne.jp,Female,39276 Darwin Center,Sotho
354,Fara,Brackstone,fbrackstone9t@freewebs.com,Female,407 Blue Bill Park Hill,Filipino
355,See,Galea,sgalea9u@bbc.co.uk,Male,74682 Clemons Drive,Swahili
356,Windham,Devinn,wdevinn9v@blogspot.com,Male,94977 Moulton Pass,Ndebele
357,Chrysa,Brogi,cbrogi9w@sitemeter.com,Female,707 Del Sol Circle,Hebrew
358,Dollie,Thring,dthring9x@noaa.gov,Female,648 Towne Crossing,Papiamento
359,Aaron,Linck,alinck9y@slate.com,Male,43495 Truax Road,Dari
360,Rhianon,Bridger,rbridger9z@wp.com,Female,65 Anthes Road,Indonesian
361,Norrie,Nasey,nnaseya0@umn.edu,Male,17 Clemons Point,Spanish
362,Stacee,Luscott,sluscotta1@epa.gov,Male,73780 Jana Trail,Croatian
363,Letisha,Tennewell,ltennewella2@springer.com,Female,9 Springs Court,Papiamento
364,Dorothea,Goodfield,dgoodfielda3@ihg.com,Female,6093 Ridgeview Place,Northern Sotho
365,Kara,Fookes,kfookesa4@prlog.org,Female,814 Eagle Crest Parkway,Kashmiri
366,Dorey,Walisiak,dwalisiaka5@google.it,Female,9 Toban Junction,Italian
367,Rhetta,Townes,rtownesa6@fda.gov,Female,716 Cambridge Circle,Romanian
368,Mil,Jelkes,mjelkesa7@shutterfly.com,Female,4 Welch Trail,Finnish
369,Mary,Heskey,mheskeya8@icq.com,Female,25135 Pawling Point,Amharic
370,Eldridge,Conerding,econerdinga9@ucoz.ru,Male,58 Ridge Oak Circle,Assamese
371,Rolland,Heikkinen,rheikkinenaa@instagram.com,Male,1 Evergreen Trail,Sotho
372,Orsa,Brahan,obrahanab@soup.io,Female,44 Hazelcrest Pass,Sotho
373,Ingunna,Heel,iheelac@theguardian.com,Female,311 Erie Road,Romanian
374,Deedee,Minette,dminettead@admin.ch,Female,5894 Northwestern Terrace,Gujarati
375,Caroline,Springett,cspringettae@independent.co.uk,Female,001 Scofield Hill,Bulgarian
376,Herbert,Burhill,hburhillaf@seesaa.net,Male,4 Carpenter Junction,Azeri
377,Neddie,Munehay,nmunehayag@cam.ac.uk,Male,67 Marcy Center,Irish Gaelic
378,Cassandry,Fildery,cfilderyah@ovh.net,Female,4096 Fairfield Plaza,Khmer
379,Alvin,Grimsey,agrimseyai@newyorker.com,Male,66 Aberg Crossing,Kannada
380,Malina,Penchen,mpenchenaj@thetimes.co.uk,Female,2 Loeprich Lane,Tsonga
381,Lonni,Yeskin,lyeskinak@msn.com,Female,8856 Oak Valley Crossing,Hungarian
382,Llewellyn,Truce,ltruceal@tinypic.com,Male,28 Tomscot Court,Arabic
383,Lezley,Rathe,lratheam@sbwire.com,Male,1717 Toban Road,Danish
384,Ferdy,Brosch,fbroschan@xing.com,Male,57539 Pennsylvania Way,Khmer
385,Meredithe,Pagon,mpagonao@about.com,Female,14 Springs Lane,Burmese
386,Dorian,Beardshaw,dbeardshawap@wisc.edu,Male,95 Thackeray Junction,Fijian
387,Quentin,Dauncey,qdaunceyaq@nature.com,Female,78 Knutson Court,Lithuanian
388,Dinny,Cordobes,dcordobesar@diigo.com,Female,9666 Ohio Street,Croatian
389,Tore,Skiplorne,tskiplorneas@tripod.com,Male,07337 Grayhawk Parkway,Latvian
390,Clarabelle,Gullan,cgullanat@goodreads.com,Female,79168 Buhler Avenue,Italian
391,Hartley,Alden,haldenau@toplist.cz,Male,2063 Farmco Terrace,Japanese
392,Manda,Thomesson,mthomessonav@timesonline.co.uk,Female,4 Anhalt Court,Georgian
393,Delilah,Baldacco,dbaldaccoaw@techcrunch.com,Female,31 Derek Road,Dhivehi
394,Horst,Wicklen,hwicklenax@irs.gov,Male,825 Stang Hill,Persian
395,Teodoor,Tabert,ttabertay@51.la,Male,03 Hovde Trail,Kazakh
396,Merralee,Lead,mleadaz@noaa.gov,Female,05652 Calypso Plaza,Guaraní
397,Justinian,Heyball,jheyballb0@blogtalkradio.com,Male,874 Duke Street,Hiri Motu
398,Dagny,Freeberne,dfreeberneb1@answers.com,Male,2592 Westport Drive,Catalan
399,Kerstin,Sadler,ksadlerb2@oaic.gov.au,Female,0 Pearson Lane,Dhivehi
400,Reinold,Duckers,rduckersb3@live.com,Male,1662 Butternut Street,Lithuanian
401,Jonathan,Dreng,jdrengb4@fotki.com,Male,2509 Grover Terrace,Swahili
402,Sergent,Packe,spackeb5@lycos.com,Male,59 Paget Circle,Catalan
403,Clint,Oloman,colomanb6@gov.uk,Male,28 Starling Parkway,Somali
404,Tawnya,Veillard,tveillardb7@answers.com,Female,899 Darwin Avenue,Northern Sotho
405,Alwyn,Szimoni,aszimonib8@oakley.com,Male,13 Waubesa Pass,Tsonga
406,Hasheem,Bearsmore,hbearsmoreb9@redcross.org,Male,472 Old Shore Lane,Hungarian
407,Gillian,Northover,gnorthoverba@foxnews.com,Female,37 Amoth Park,Gagauz
408,Cathrine,Bohlin,cbohlinbb@booking.com,Female,81068 Montana Place,Macedonian
409,Antonella,Bernuzzi,abernuzzibc@booking.com,Female,1892 Kipling Terrace,Gagauz
410,Larisa,Innocent,linnocentbd@amazon.co.uk,Female,19976 Bluejay Junction,Swati
411,Elbert,McGinley,emcginleybe@icio.us,Male,3 Shopko Center,Ndebele
412,Brandice,Polly,bpollybf@admin.ch,Female,9321 Sunnyside Plaza,Swati
413,Ricki,Rhucroft,rrhucroftbg@macromedia.com,Female,81 Randy Trail,Malagasy
414,Elbertina,Janda,ejandabh@desdev.cn,Female,74 Browning Crossing,Bosnian
415,Cameron,Mynard,cmynardbi@usnews.com,Male,4378 Melvin Lane,Amharic
416,Ainslee,Dresser,adresserbj@wix.com,Female,87 Sycamore Plaza,Somali
417,Ruy,O'Gleasane,rogleasanebk@instagram.com,Male,53 East Junction,Indonesian
418,Maxwell,deKnevet,mdeknevetbl@youku.com,Male,2 Emmet Road,Latvian
419,Anders,Whal,awhalbm@narod.ru,Male,09 Swallow Lane,Lao
420,Kimberlyn,Whybrow,kwhybrowbn@apache.org,Female,84 Truax Parkway,Guaraní
421,Priscella,Spary,psparybo@technorati.com,Female,64 Laurel Junction,Tok Pisin
422,Renato,felip,rfelipbp@ebay.com,Male,4509 Loomis Parkway,Mongolian
423,Zilvia,Andrivel,zandrivelbq@drupal.org,Female,5 Arapahoe Hill,Arabic
424,Mordy,Hartnell,mhartnellbr@europa.eu,Male,597 Dexter Trail,Catalan
425,Shelley,Oxteby,soxtebybs@studiopress.com,Female,2 2nd Plaza,Māori
426,Flem,Few,ffewbt@topsy.com,Male,306 Gerald Point,German
427,Dierdre,Laurant,dlaurantbu@businesswire.com,Female,194 Judy Plaza,Zulu
428,Gillan,Frushard,gfrushardbv@weebly.com,Female,9867 Clemons Avenue,Greek
429,Clarine,Georgeson,cgeorgesonbw@indiatimes.com,Female,81 Briar Crest Center,Finnish
430,Germana,Pallas,gpallasbx@gmpg.org,Female,63902 Anhalt Plaza,Swati
431,Lusa,Werlock,lwerlockby@slideshare.net,Female,753 Portage Hill,Afrikaans
432,Benjamen,Selwyn,bselwynbz@g.co,Male,4 Hoffman Circle,Latvian
433,Darb,Nollet,dnolletc0@skype.com,Male,51 Erie Point,Malayalam
434,Sarajane,Lantoph,slantophc1@cbslocal.com,Female,34 Blue Bill Park Way,Thai
435,Mureil,Tabourin,mtabourinc2@jalbum.net,Female,6 Erie Trail,Latvian
436,Rick,Ellingford,rellingfordc3@yellowpages.com,Male,58169 Transport Court,Sotho
437,Rodolphe,Dummer,rdummerc4@bandcamp.com,Male,4 Melody Alley,Estonian
438,Colene,Batterham,cbatterhamc5@themeforest.net,Female,8801 Lerdahl Plaza,Persian
439,Nicky,O'Hollegan,noholleganc6@bravesites.com,Female,387 Rigney Alley,Tok Pisin
440,Weston,Boots,wbootsc7@google.co.jp,Male,3289 Troy Plaza,Quechua
441,Emlyn,Perkins,eperkinsc8@ftc.gov,Male,86 Ridgeway Circle,Filipino
442,Terry,Edmeades,tedmeadesc9@mapquest.com,Female,03866 Comanche Trail,Quechua
443,Kerrin,Ysson,kyssonca@discovery.com,Female,2 Birchwood Plaza,Punjabi
444,Velvet,Clewer,vclewercb@ning.com,Female,324 Oak Court,Croatian
445,Filip,Antcliff,fantcliffcc@bing.com,Male,7401 Bunting Court,Bislama
446,Drusilla,Abdee,dabdeecd@jimdo.com,Female,041 Hoffman Street,Burmese
447,Candis,Murton,cmurtonce@nifty.com,Female,96 Bowman Avenue,Gujarati
448,Ronnie,Cranston,rcranstoncf@hexun.com,Male,80958 Jana Plaza,Nepali
449,Zachariah,Tapenden,ztapendencg@imageshack.us,Male,42 Oneill Lane,Chinese
450,Kiah,Agglione,kagglionech@sourceforge.net,Female,43 Oakridge Park,Italian
451,Timoteo,Siddell,tsiddellci@newsvine.com,Male,0 Service Alley,French
452,Hendrik,Chater,hchatercj@symantec.com,Male,01 Lighthouse Bay Road,Hiri Motu
453,Christie,Symes,csymesck@paypal.com,Male,01833 Mcbride Court,Dhivehi
454,Tristam,Cardon,tcardoncl@webmd.com,Male,59 Pawling Parkway,Fijian
455,Jaymie,Clery,jclerycm@joomla.org,Male,19958 Cardinal Plaza,Sotho
456,Ezri,Fyfield,efyfieldcn@google.ru,Male,4 Portage Point,Hindi
457,Dal,Cuttell,dcuttellco@census.gov,Male,74052 Straubel Avenue,Korean
458,Odey,Cluckie,ocluckiecp@examiner.com,Male,72386 Caliangt Way,Spanish
459,Nollie,Ickovicz,nickoviczcq@webnode.com,Male,0657 Quincy Road,Amharic
460,Ulrich,Tolemache,utolemachecr@list-manage.com,Male,7 Grasskamp Drive,Macedonian
461,Consalve,McCreath,cmccreathcs@cyberchimps.com,Male,972 Paget Terrace,Tajik
462,Genevieve,Daleman,gdalemanct@slideshare.net,Female,4 Reindahl Drive,Bislama
463,Tarrah,Maycey,tmayceycu@scientificamerican.com,Female,60753 Shoshone Park,Aymara
464,Vicky,Crasswell,vcrasswellcv@pen.io,Female,5442 Stang Court,Ndebele
465,Olenolin,Stockell,ostockellcw@eepurl.com,Male,0953 Sugar Terrace,Swahili
466,Corinna,Harrie,charriecx@printfriendly.com,Female,07 Ridge Oak Road,Maltese
467,Hillard,Indge,hindgecy@vimeo.com,Male,3424 Linden Lane,Swati
468,Leeland,Koop,lkoopcz@wikimedia.org,Male,05 Kensington Court,Portuguese
469,Willamina,Caccavari,wcaccavarid0@indiatimes.com,Female,295 Homewood Street,Czech
470,Beryle,Erdes,berdesd1@themeforest.net,Female,9 Schmedeman Avenue,Tok Pisin
471,Merry,Conti,mcontid2@sogou.com,Male,9330 Ryan Place,Malayalam
472,Burlie,Furmonger,bfurmongerd3@webnode.com,Male,6874 Del Sol Place,Oriya
473,Bevin,Jendrassik,bjendrassikd4@sourceforge.net,Male,84 Oxford Junction,Hindi
474,Othelia,Bellefant,obellefantd5@cloudflare.com,Female,7840 Lake View Crossing,Kannada
475,Keelby,Laurisch,klaurischd6@bravesites.com,Male,4 Steensland Hill,Swati
476,Sidney,Woodington,swoodingtond7@bing.com,Male,17 Center Pass,Moldovan
477,Georgia,Proffitt,gproffittd8@google.pl,Female,7 Debs Way,Hungarian
478,Morty,Herculeson,mherculesond9@cornell.edu,Male,84332 Leroy Junction,Kannada
479,Fania,Ramalho,framalhoda@oakley.com,Female,42509 Barby Crossing,Montenegrin
480,Carver,Hellyar,chellyardb@washington.edu,Male,23436 Rigney Park,Gujarati
481,Harlie,Spring,hspringdc@com.com,Female,97948 Cottonwood Street,Filipino
482,Mari,Vanyakin,mvanyakindd@unicef.org,Female,48 Everett Alley,Northern Sotho
483,Hendrik,Marshfield,hmarshfieldde@vinaora.com,Male,8 Lunder Lane,Maltese
484,Clari,Bridgstock,cbridgstockdf@shutterfly.com,Female,277 Artisan Pass,Luxembourgish
485,Peirce,Renbold,prenbolddg@shop-pro.jp,Male,83 American Ash Lane,Somali
486,Cordy,Audenis,caudenisdh@ezinearticles.com,Male,89915 Lunder Way,Norwegian
487,Care,Churcher,cchurcherdi@nyu.edu,Male,73268 Crescent Oaks Alley,Tajik
488,Suzanna,Spaxman,sspaxmandj@globo.com,Female,3617 Hudson Alley,Punjabi
489,Catha,Chiddy,cchiddydk@slashdot.org,Female,6 Lerdahl Junction,Amharic
490,Delores,Scardifeild,dscardifeilddl@sourceforge.net,Female,8580 Burrows Court,Bosnian
491,Alika,Barroux,abarrouxdm@biglobe.ne.jp,Female,65762 Corscot Circle,Hiri Motu
492,Adda,O'Brollachain,aobrollachaindn@state.gov,Female,028 Macpherson Park,Armenian
493,Helga,Marland,hmarlanddo@networksolutions.com,Female,4016 Hudson Park,Oriya
494,Caty,Goult,cgoultdp@ibm.com,Female,41362 Hazelcrest Drive,Spanish
495,Ruthi,Mustarde,rmustardedq@answers.com,Female,2569 Debs Park,Khmer
496,Adamo,Mergue,amerguedr@chicagotribune.com,Male,93518 1st Road,Irish Gaelic
497,Ivette,Karoly,ikarolyds@amazon.co.uk,Female,3393 Golf View Court,Malay
498,Jacenta,Fidoe,jfidoedt@chronoengine.com,Female,55108 Forest Lane,Romanian
499,Lucky,Jordin,ljordindu@sphinn.com,Female,57634 Rusk Point,Assamese
500,Ahmad,Seldon,aseldondv@lulu.com,Male,365 Oxford Parkway,Malay
501,Shandy,MacCheyne,smaccheynedw@amazon.co.jp,Female,270 Glacier Hill Alley,Japanese
502,Ephraim,Geeritz,egeeritzdx@prweb.com,Male,75187 Cascade Way,Albanian
503,Tilda,Middler,tmiddlerdy@auda.org.au,Female,8 Hoard Center,Latvian
504,Livvyy,Robson,lrobsondz@macromedia.com,Female,67612 Carpenter Alley,Mongolian
505,Morten,Bricklebank,mbricklebanke0@so-net.ne.jp,Male,5875 Loeprich Point,Hungarian
506,Ivory,Cuseck,icusecke1@rakuten.co.jp,Female,7 Vahlen Crossing,Fijian
507,Audie,Silbert,asilberte2@i2i.jp,Female,263 Nova Drive,Persian
508,Rabbi,Eayres,reayrese3@sogou.com,Male,10 Amoth Pass,German
509,Atlante,Heersema,aheersemae4@disqus.com,Female,584 Merry Court,Kyrgyz
510,Camel,Hattigan,chattigane5@dagondesign.com,Female,23 Karstens Circle,Irish Gaelic
511,Zsazsa,Vlies,zvliese6@harvard.edu,Female,7242 Scofield Way,Finnish
512,Darb,Pigrome,dpigromee7@mysql.com,Male,0 Eggendart Trail,Arabic
513,Chaunce,Trimbey,ctrimbeye8@soundcloud.com,Male,38939 Ridgeway Circle,Dutch
514,Genny,Coldridge,gcoldridgee9@bbc.co.uk,Female,44 Beilfuss Center,Czech
515,Adriano,Evered,aeveredea@wp.com,Male,59002 Buell Center,Haitian Creole
516,Josefa,Leyton,jleytoneb@accuweather.com,Female,251 Riverside Terrace,Catalan
517,Netty,Blagdon,nblagdonec@imgur.com,Female,8 West Center,Albanian
518,Mariska,O'Suaird,mosuairded@yahoo.co.jp,Female,294 Morningstar Park,Italian
519,Monte,Nitto,mnittoee@skyrock.com,Male,90 Bashford Place,Finnish
520,Ulick,Hirschmann,uhirschmannef@aboutads.info,Male,5578 Sachs Crossing,Spanish
521,Terrye,Loudian,tloudianeg@topsy.com,Female,4494 Autumn Leaf Park,Papiamento
522,Yvor,Hatherleigh,yhatherleigheh@ox.ac.uk,Male,67845 Paget Hill,Romanian
523,Melesa,Sabban,msabbanei@slashdot.org,Female,3 Columbus Court,Northern Sotho
524,Lind,Kingwell,lkingwellej@list-manage.com,Male,90 Algoma Pass,Quechua
525,Margaux,Haster,mhasterek@nifty.com,Female,19520 Crest Line Crossing,Aymara
526,Evelyn,Roebuck,eroebuckel@dailymotion.com,Female,7 Del Mar Junction,Tsonga
527,Ronny,Housiaux,rhousiauxem@gravatar.com,Female,62267 Sauthoff Court,Malayalam
528,Barry,Rhelton,brheltonen@yellowbook.com,Female,9369 Pierstorff Circle,Chinese
529,Zara,Screase,zscreaseeo@sohu.com,Female,85 Jay Place,Icelandic
530,Brigg,Hadden,bhaddenep@google.es,Male,9773 Carioca Court,Latvian
531,Fairfax,Quadri,fquadrieq@ucla.edu,Male,535 Ludington Trail,Danish
532,Addie,Gartrell,agartreller@studiopress.com,Female,2089 John Wall Place,Danish
533,Dave,Dymott,ddymottes@bluehost.com,Male,82 Bunting Road,Bengali
534,Breanne,McCathie,bmccathieet@dyndns.org,Female,9659 Golden Leaf Parkway,Romanian
535,Christine,Bienvenu,cbienvenueu@wisc.edu,Female,29837 Northport Point,Oriya
536,Osborne,Wooding,owoodingev@huffingtonpost.com,Male,359 Stephen Way,Malayalam
537,Broddie,Listone,blistoneew@liveinternet.ru,Male,80 Kingsford Lane,Yiddish
538,Judas,O'Duane,joduaneex@baidu.com,Male,51755 Warrior Terrace,Albanian
539,Ade,Ipwell,aipwelley@addthis.com,Male,05 American Point,Hungarian
540,Massimo,Gogay,mgogayez@loc.gov,Male,67 Briar Crest Lane,Telugu
541,Katusha,Swendell,kswendellf0@state.gov,Female,3045 David Hill,Romanian
542,Lucho,Abrahamsohn,labrahamsohnf1@deliciousdays.com,Male,22737 Schmedeman Road,Gujarati
543,Terra,Force,tforcef2@ehow.com,Female,07302 Washington Place,Korean
544,Chalmers,Chappell,cchappellf3@businesswire.com,Male,6 Spenser Terrace,Mongolian
545,Cele,Aleswell,caleswellf4@jigsy.com,Female,57603 Elmside Way,Tswana
546,Braden,Ashfull,bashfullf5@google.de,Male,5 Iowa Crossing,Northern Sotho
547,Lorrie,Abdee,labdeef6@ucla.edu,Female,218 Anthes Parkway,Dutch
548,Sallyanne,Earp,searpf7@weibo.com,Female,0 Elgar Center,Amharic
549,Allison,Oppery,aopperyf8@is.gd,Female,27 Graceland Park,Sotho
550,Dulcy,Conyers,dconyersf9@weebly.com,Female,7 Morrow Junction,Tsonga
551,Sidnee,Gerriets,sgerrietsfa@google.cn,Male,94 Glacier Hill Junction,Romanian
552,Perice,Stadding,pstaddingfb@netscape.com,Male,14 Ohio Trail,New Zealand Sign Language
553,Loralie,Bromage,lbromagefc@hud.gov,Female,1 Messerschmidt Court,Guaraní
554,Frederik,Giacobo,fgiacobofd@godaddy.com,Male,9846 Atwood Terrace,Polish
555,Matelda,Riby,mribyfe@ehow.com,Female,17 Elka Plaza,Marathi
556,Burtie,Morley,bmorleyff@seattletimes.com,Male,332 Anderson Place,Moldovan
557,Kelley,Kopecka,kkopeckafg@nifty.com,Female,9564 Arkansas Way,Macedonian
558,Kerrie,Dusey,kduseyfh@dmoz.org,Female,94167 Farragut Street,Ndebele
559,Carma,Nevitt,cnevittfi@howstuffworks.com,Female,3 Dryden Plaza,Kazakh
560,Huey,Ennion,hennionfj@techcrunch.com,Male,221 Anzinger Alley,Hiri Motu
561,Phylys,Grimestone,pgrimestonefk@adobe.com,Female,73 Elgar Alley,Burmese
562,Rubia,Dawney,rdawneyfl@eventbrite.com,Female,67 Hudson Street,Norwegian
563,Alva,Banaszkiewicz,abanaszkiewiczfm@uol.com.br,Male,2 Kinsman Trail,Moldovan
564,Salvatore,Sim,ssimfn@adobe.com,Male,9 Superior Point,Bislama
565,Nobie,Cissell,ncissellfo@army.mil,Male,24 Haas Terrace,Latvian
566,Devondra,Scrowston,dscrowstonfp@toplist.cz,Female,827 Kings Avenue,Haitian Creole
567,Francene,Deason,fdeasonfq@cyberchimps.com,Female,5277 Oak Valley Center,Guaraní
568,Annissa,Pond,apondfr@cpanel.net,Female,0 Namekagon Road,Assamese
569,Merridie,Florez,mflorezfs@blogger.com,Female,81285 Kim Avenue,Dzongkha
570,Cyrus,Dinan,cdinanft@cnet.com,Male,16355 Springs Avenue,Yiddish
571,Thibaut,Garstan,tgarstanfu@google.ru,Male,015 Sheridan Road,Tswana
572,Jinny,Basilone,jbasilonefv@who.int,Female,1 Manitowish Terrace,New Zealand Sign Language
573,Rae,Castleton,rcastletonfw@geocities.com,Female,5 Fisk Avenue,Tok Pisin
574,Nicola,Alfonzo,nalfonzofx@cpanel.net,Male,97725 Old Shore Court,Quechua
575,Patrizio,Oddey,poddeyfy@a8.net,Male,9650 Prentice Plaza,Amharic
576,Harvey,Avarne,havarnefz@istockphoto.com,Male,5946 Orin Point,Croatian
577,Elsie,Harback,eharbackg0@psu.edu,Female,1557 Duke Pass,Papiamento
578,Roderigo,Gaitskell,rgaitskellg1@nydailynews.com,Male,86 David Crossing,Hebrew
579,Butch,Mockett,bmockettg2@accuweather.com,Male,28396 Village Green Avenue,Albanian
580,Anselm,Loughlan,aloughlang3@twitpic.com,Male,56965 International Road,German
581,Jameson,Portingale,jportingaleg4@indiegogo.com,Male,16467 John Wall Parkway,Māori
582,Dannye,Atter,datterg5@studiopress.com,Female,268 Superior Center,French
583,Isabella,Carnalan,icarnalang6@china.com.cn,Female,51964 Bonner Center,Chinese
584,Clayborne,Kesby,ckesbyg7@sohu.com,Male,32 Birchwood Trail,Somali
585,Maximilien,Drowsfield,mdrowsfieldg8@moonfruit.com,Male,8847 Shelley Lane,Indonesian
586,Alvera,Naulty,anaultyg9@cam.ac.uk,Female,536 Towne Street,Moldovan
587,Theo,Sitch,tsitchga@economist.com,Male,92 High Crossing Lane,Quechua
588,Allyn,Reuss,areussgb@nyu.edu,Male,86854 Katie Court,Romanian
589,Yvon,Hairsnape,yhairsnapegc@hostgator.com,Male,470 Arapahoe Center,Italian
590,Meaghan,Redit,mreditgd@nsw.gov.au,Female,26752 Hintze Hill,Yiddish
591,Dunn,Joicey,djoiceyge@hexun.com,Male,84856 Susan Junction,Sotho
592,Benedicto,Goodyer,bgoodyergf@joomla.org,Male,18 Troy Circle,Thai
593,Faina,Mowat,fmowatgg@e-recht24.de,Female,66881 Oxford Place,Bosnian
594,Beryl,Coorington,bcooringtongh@google.com,Female,9664 Valley Edge Trail,Belarusian
595,Rosaline,Dearn,rdearngi@drupal.org,Female,1677 Bay Parkway,Indonesian
596,Herman,Struthers,hstruthersgj@businessweek.com,Male,341 Lakeland Place,Romanian
597,Maye,Spreull,mspreullgk@mashable.com,Female,6705 Forster Trail,Indonesian
598,Ruperto,McOrkill,rmcorkillgl@google.ca,Male,79 Shasta Place,Czech
599,Merrilee,Loughney,mloughneygm@tumblr.com,Female,9 3rd Terrace,Tamil
600,Berk,Redwood,bredwoodgn@virginia.edu,Male,49 American Ash Place,Thai
601,Danell,Muldrew,dmuldrewgo@twitpic.com,Female,27 Forster Center,Moldovan
602,Dennis,Betz,dbetzgp@ucsd.edu,Male,92751 Claremont Drive,Dari
603,Winslow,Rylance,wrylancegq@pinterest.com,Male,310 Amoth Junction,Japanese
604,Marco,Jeffry,mjeffrygr@netvibes.com,Male,9751 5th Plaza,Lithuanian
605,Bertrand,Stollmeier,bstollmeiergs@un.org,Male,80 Homewood Court,Dutch
606,Lily,McMoyer,lmcmoyergt@free.fr,Female,00 Birchwood Terrace,Moldovan
607,Dukey,Cranston,dcranstongu@bluehost.com,Male,5 Superior Avenue,Belarusian
608,Ned,O'Rowane,norowanegv@baidu.com,Male,42 Talmadge Way,Korean
609,Chloette,Cleiment,ccleimentgw@businessinsider.com,Female,103 Di Loreto Junction,Greek
610,Lawrence,Witton,lwittongx@ehow.com,Male,9 Kingsford Way,Maltese
611,Nedi,Snasdell,nsnasdellgy@cmu.edu,Female,09 Katie Place,Dhivehi
612,Jaclin,Gater,jgatergz@apple.com,Female,551 Paget Drive,Kyrgyz
613,Normy,Althrop,nalthroph0@discuz.net,Male,98514 Basil Drive,Greek
614,Antoinette,Wincott,awincotth1@hp.com,Female,84 Bultman Road,Azeri
615,Jacinthe,Wythill,jwythillh2@friendfeed.com,Female,0883 Granby Trail,Swahili
616,Gib,Forber,gforberh3@constantcontact.com,Male,17 Forest Dale Street,English
617,Hersch,MacPeake,hmacpeakeh4@europa.eu,Male,3380 Petterle Place,Dzongkha
618,Jenni,Laurenceau,jlaurenceauh5@toplist.cz,Female,3 Bobwhite Court,Guaraní
619,Sonja,Tarbin,starbinh6@yahoo.com,Female,9886 Merrick Trail,Tamil
620,Ellynn,Hardage,ehardageh7@woothemes.com,Female,1648 Bobwhite Drive,Malayalam
621,Lyle,Clayden,lclaydenh8@exblog.jp,Male,5 Mesta Alley,Khmer
622,Mignon,Flute,mfluteh9@goodreads.com,Female,71351 Pawling Road,Zulu
623,Bertie,Loughney,bloughneyha@usgs.gov,Male,731 Messerschmidt Park,Kannada
624,Anton,Brimmicombe,abrimmicombehb@wikipedia.org,Male,26 Coleman Lane,Czech
625,Kris,M'cowis,kmcowishc@yale.edu,Male,44967 Dexter Avenue,Ndebele
626,Giorgi,Penrith,gpenrithhd@addtoany.com,Male,08 Utah Avenue,Maltese
627,Theodora,Kidney,tkidneyhe@cnn.com,Female,92 Ridgeway Road,Khmer
628,Molli,Servant,mservanthf@51.la,Female,61 Bultman Place,Albanian
629,Iosep,Gownge,igowngehg@about.me,Male,7 Johnson Point,Dzongkha
630,Adriano,Blanchard,ablanchardhh@spotify.com,Male,23 Canary Court,Malay
631,Creigh,Londing,clondinghi@un.org,Male,89494 Fieldstone Trail,Tsonga
632,Eustacia,McBryde,emcbrydehj@blog.com,Female,32 Veith Hill,French
633,Prescott,Ilieve,pilievehk@gov.uk,Male,54769 Lakewood Lane,Polish
634,Celinda,Putton,cputtonhl@wunderground.com,Female,10 Darwin Place,Malayalam
635,Marigold,Simmers,msimmershm@sakura.ne.jp,Female,6465 Hollow Ridge Terrace,Kyrgyz
636,Sherilyn,Letteresse,sletteressehn@amazon.de,Female,9 Golf Course Terrace,Kurdish
637,Regan,Pallas,rpallasho@privacy.gov.au,Female,56 Comanche Junction,Maltese
638,Ramsay,Wybern,rwybernhp@smugmug.com,Male,48564 Ridgeway Terrace,Fijian
639,Gorden,Hush,ghushhq@scribd.com,Male,0616 Paget Street,Swati
640,Marley,Bilverstone,mbilverstonehr@themeforest.net,Female,31 Shoshone Place,Arabic
641,Marty,McKibbin,mmckibbinhs@xing.com,Male,45 Express Way,Kurdish
642,Montgomery,Ethersey,metherseyht@woothemes.com,Male,74 Cascade Trail,Malay
643,Ethelin,Trusdale,etrusdalehu@google.ru,Female,7038 Lien Pass,Marathi
644,Bradly,Inkle,binklehv@bloglovin.com,Male,37998 Ronald Regan Way,Assamese
645,Sandy,Anespie,sanespiehw@mozilla.com,Male,1975 Lawn Terrace,Moldovan
646,Queenie,Klossek,qklossekhx@eepurl.com,Female,29177 Redwing Crossing,Gujarati
647,Jdavie,Barraclough,jbarracloughhy@imageshack.us,Male,6988 Spohn Terrace,Norwegian
648,Emerson,Stockill,estockillhz@nyu.edu,Male,64614 West Road,Filipino
649,Curcio,Markovich,cmarkovichi0@chicagotribune.com,Male,54 Del Mar Court,Chinese
650,Dana,Tabbernor,dtabbernori1@quantcast.com,Male,6 Pennsylvania Parkway,Quechua
651,Darill,MacCumeskey,dmaccumeskeyi2@ustream.tv,Male,48 Judy Lane,Armenian
652,Bride,Janew,bjanewi3@drupal.org,Female,79766 5th Trail,Nepali
653,Alethea,Cavnor,acavnori4@cloudflare.com,Female,613 Everett Crossing,Kyrgyz
654,Goldia,West-Frimley,gwestfrimleyi5@arstechnica.com,Female,8 Kinsman Lane,Yiddish
655,Violet,Trammel,vtrammeli6@marketwatch.com,Female,60 Center Plaza,Persian
656,Theodor,Krimmer,tkrimmeri7@qq.com,Male,68 Little Fleur Pass,Moldovan
657,Kattie,Cafferky,kcafferkyi8@example.com,Female,42 Acker Street,Macedonian
658,Poul,Style,pstylei9@home.pl,Male,5 Thackeray Circle,Portuguese
659,Anstice,Quenby,aquenbyia@twitpic.com,Female,9 Golden Leaf Hill,Armenian
660,Nicolina,MacParlan,nmacparlanib@nationalgeographic.com,Female,27 Nevada Court,Malagasy
661,Hilde,Mulqueen,hmulqueenic@sciencedirect.com,Female,198 West Trail,Romanian
662,Halimeda,Danilov,hdanilovid@paypal.com,Female,840 Westerfield Trail,Romanian
663,Cly,Bysh,cbyshie@privacy.gov.au,Male,869 Wayridge Terrace,Fijian
664,Olag,Butchart,obutchartif@google.com.br,Male,10774 Fair Oaks Circle,Kurdish
665,Zulema,Twamley,ztwamleyig@fastcompany.com,Female,14 Eagle Crest Circle,Dutch
666,Wilfrid,Bunston,wbunstonih@springer.com,Male,8543 Elka Trail,Swati
667,Wiley,Howell,whowellii@shareasale.com,Male,0690 Crownhardt Way,Afrikaans
668,Ignacio,Leacy,ileacyij@google.com.hk,Male,952 Katie Hill,Bislama
669,Benni,Poge,bpogeik@army.mil,Female,42856 Scott Plaza,Greek
670,Redford,Putnam,rputnamil@sbwire.com,Male,381 Talisman Crossing,Gujarati
671,Alric,Baume,abaumeim@mediafire.com,Male,37 Messerschmidt Park,Kurdish
672,Sherwood,Sand,ssandin@nydailynews.com,Male,3758 Nobel Alley,Swahili
673,Emilie,Bliven,eblivenio@tripod.com,Female,921 Alpine Court,Belarusian
674,Clerkclaude,Farbrace,cfarbraceip@nature.com,Male,7797 Crescent Oaks Pass,Finnish
675,Luce,Saddington,lsaddingtoniq@webnode.com,Female,692 Killdeer Drive,Bulgarian
676,Doris,Larvent,dlarventir@flavors.me,Female,2094 Logan Terrace,Kurdish
677,Harmon,Yude,hyudeis@sohu.com,Male,98850 Messerschmidt Parkway,Danish
678,Borden,Darter,bdarterit@pinterest.com,Male,79132 Rigney Junction,Nepali
679,Dotti,Armin,darminiu@sohu.com,Female,0 Kropf Center,Armenian
680,Willamina,Lincke,wlinckeiv@scribd.com,Female,64487 Transport Pass,Swedish
681,Editha,Milksop,emilksopiw@cnn.com,Female,25953 Sunfield Alley,Persian
682,Carlotta,De Caville,cdecavilleix@smh.com.au,Female,66779 Karstens Terrace,Arabic
683,Harriett,Huelin,hhueliniy@qq.com,Female,61670 International Crossing,Yiddish
684,Rudd,Will,rwilliz@amazonaws.com,Male,90 Utah Lane,Afrikaans
685,Imelda,Canelas,icanelasj0@accuweather.com,Female,21 Duke Alley,Tok Pisin
686,Odelia,Jurczik,ojurczikj1@zdnet.com,Female,758 Bunker Hill Drive,Māori
687,North,Arman,narmanj2@umich.edu,Male,90168 Hanson Park,German
688,Drake,Cummungs,dcummungsj3@sogou.com,Male,63044 Basil Junction,Quechua
689,Temp,Cosbee,tcosbeej4@go.com,Male,7511 Anzinger Crossing,Tamil
690,Alic,Berrow,aberrowj5@netlog.com,Male,3211 Emmet Avenue,Kannada
691,Dick,Scargill,dscargillj6@webeden.co.uk,Male,76743 Graceland Terrace,Afrikaans
692,Will,Doumerque,wdoumerquej7@stumbleupon.com,Male,4 Johnson Road,Quechua
693,Brantley,Alliott,balliottj8@jimdo.com,Male,457 Hazelcrest Street,Northern Sotho
694,Ruby,McDowall,rmcdowallj9@telegraph.co.uk,Female,70 Marcy Place,Chinese
695,Erick,Chetter,echetterja@yahoo.com,Male,6028 Mesta Court,Nepali
696,Lorens,Frean,lfreanjb@dailymail.co.uk,Male,1 Main Parkway,Kazakh
697,Grenville,Minichillo,gminichillojc@mac.com,Male,135 Sachtjen Avenue,Azeri
698,Brittan,Crighten,bcrightenjd@aboutads.info,Female,31582 Montana Court,Hungarian
699,Louisette,Abbess,labbessje@1688.com,Female,505 Oxford Avenue,Malayalam
700,Riccardo,Walsom,rwalsomjf@oakley.com,Male,48957 7th Way,Tajik
701,Nil,Jordeson,njordesonjg@sciencedirect.com,Male,71327 Twin Pines Crossing,Latvian
702,Lisetta,Deerness,ldeernessjh@moonfruit.com,Female,591 Fairview Terrace,Persian
703,Roy,Buyers,rbuyersji@bluehost.com,Male,1 Hoard Park,Māori
704,Lotta,Nickels,lnickelsjj@home.pl,Female,2 South Way,Lao
705,Randy,Frostdicke,rfrostdickejk@globo.com,Male,1174 Browning Center,Korean
706,Lindi,Totterdill,ltotterdilljl@eepurl.com,Female,32 Packers Lane,Northern Sotho
707,Keane,Zanicchi,kzanicchijm@cnet.com,Male,8984 Tennyson Way,Quechua
708,Greg,Doby,gdobyjn@about.com,Male,6 Thierer Crossing,French
709,Aubrey,McBrady,amcbradyjo@guardian.co.uk,Male,59545 6th Way,Ndebele
710,Jacquenette,Soan,jsoanjp@usgs.gov,Female,2 Union Pass,French
711,Nancy,Musico,nmusicojq@discuz.net,Female,01 Blue Bill Park Terrace,Dzongkha
712,Gavrielle,Durant,gdurantjr@buzzfeed.com,Female,6 Bobwhite Pass,Ndebele
713,Karly,Harsnipe,kharsnipejs@g.co,Female,649 Ohio Park,Sotho
714,Vinson,Gerault,vgeraultjt@mit.edu,Male,2251 Superior Way,Macedonian
715,Dmitri,Rauprich,drauprichju@dot.gov,Male,97 Summit Place,Korean
716,Benito,Vedstra,bvedstrajv@cdc.gov,Male,2 Briar Crest Drive,English
717,Chryste,Huddart,chuddartjw@jalbum.net,Female,7950 Jay Circle,Marathi
718,Natal,Yandle,nyandlejx@miitbeian.gov.cn,Male,4 Jackson Center,Czech
719,Kermie,Keune,kkeunejy@vimeo.com,Male,97048 Oriole Park,Hiri Motu
720,Teddi,Signori,tsignorijz@arstechnica.com,Female,2411 Arkansas Point,Burmese
721,Lambert,MacCarter,lmaccarterk0@fema.gov,Male,747 Washington Terrace,English
722,Karrie,Gration,kgrationk1@redcross.org,Female,9019 Forest Plaza,Guaraní
723,Norri,Freen,nfreenk2@reverbnation.com,Female,6 Nevada Park,Belarusian
724,Kippie,Streetley,kstreetleyk3@who.int,Female,64 Loftsgordon Way,West Frisian
725,Genia,Topes,gtopesk4@vistaprint.com,Female,41383 Hintze Terrace,Belarusian
726,Rose,Muffen,rmuffenk5@google.it,Female,010 Reinke Avenue,Lithuanian
727,Washington,Beckworth,wbeckworthk6@pen.io,Male,06 Blaine Parkway,Irish Gaelic
728,Germaine,Farnall,gfarnallk7@nih.gov,Female,6097 Little Fleur Point,Dhivehi
729,Raphaela,Addington,raddingtonk8@utexas.edu,Female,92356 Loomis Parkway,Afrikaans
730,Murry,Chritchley,mchritchleyk9@shutterfly.com,Male,07 Cherokee Place,Tswana
731,Mel,Robbel,mrobbelka@gravatar.com,Male,96 7th Pass,Romanian
732,Caz,Haste,chastekb@nationalgeographic.com,Male,877 Dakota Court,Swedish
733,Brittney,Munton,bmuntonkc@jalbum.net,Female,40502 Brickson Park Way,German
734,Monti,Ewbanck,mewbanckkd@army.mil,Male,8 Rutledge Drive,Portuguese
735,Gregoor,Ransome,gransomeke@newsvine.com,Male,388 Tony Park,Danish
736,Denice,Fonteyne,dfonteynekf@unesco.org,Female,162 Morningstar Circle,Ndebele
737,Oliviero,Tales,otaleskg@elegantthemes.com,Male,34 Florence Circle,Tswana
738,Allegra,Waiton,awaitonkh@altervista.org,Female,12920 Dawn Point,Persian
739,Andrew,Lanyon,alanyonki@linkedin.com,Male,3571 Bunting Circle,Macedonian
740,Reece,MacKessock,rmackessockkj@topsy.com,Male,220 Twin Pines Pass,Dari
741,Genia,Guerrazzi,gguerrazzikk@yahoo.co.jp,Female,12 Valley Edge Way,Italian
742,Dianna,Antoszewski,dantoszewskikl@noaa.gov,Female,769 Hanson Hill,Romanian
743,Vaughn,Threadgall,vthreadgallkm@wunderground.com,Male,16025 Prentice Terrace,Gagauz
744,Claudine,Pina,cpinakn@netlog.com,Female,18 Sheridan Drive,Dutch
745,Bron,Burless,bburlessko@nih.gov,Male,79813 Morningstar Trail,Belarusian
746,Alexis,McConville,amcconvillekp@homestead.com,Male,9741 Parkside Parkway,English
747,Jaymee,Burril,jburrilkq@ucoz.com,Female,23 Ridgeway Park,Lithuanian
748,Hoebart,Carlone,hcarlonekr@wordpress.org,Male,7393 Pearson Point,Icelandic
749,Tamarah,Dell Casa,tdellcasaks@npr.org,Female,266 Sheridan Place,Indonesian
750,Fonzie,Sarjeant,fsarjeantkt@people.com.cn,Male,84742 Erie Court,Malay
751,Bevan,Scroyton,bscroytonku@mac.com,Male,72 Buena Vista Pass,Dzongkha
752,Storm,Kahan,skahankv@homestead.com,Female,9 4th Avenue,Latvian
753,Helaine,Justham,hjusthamkw@youku.com,Female,9 Gateway Court,Guaraní
754,Roobbie,Enrietto,renriettokx@moonfruit.com,Female,8941 Vidon Avenue,Italian
755,Paxon,Longina,plonginaky@marketwatch.com,Male,69010 Holmberg Point,Tok Pisin
756,Carine,Adran,cadrankz@house.gov,Female,55 Northridge Junction,Arabic
757,Ibrahim,Judge,ijudgel0@trellian.com,Male,5 Fairview Hill,Macedonian
758,Marcelo,Lawlee,mlawleel1@merriam-webster.com,Male,80 Butterfield Parkway,Guaraní
759,Nels,Tinsley,ntinsleyl2@ycombinator.com,Male,57406 Forest Dale Avenue,Malagasy
760,Fern,Myatt,fmyattl3@xrea.com,Female,49 Scoville Park,Assamese
761,Jessica,Hellier,jhellierl4@auda.org.au,Female,443 Novick Way,Papiamento
762,Chadd,Gromley,cgromleyl5@army.mil,Male,826 Dixon Terrace,Finnish
763,Jaquenette,Scown,jscownl6@php.net,Female,67249 Delaware Terrace,Hindi
764,Meyer,Dalley,mdalleyl7@reuters.com,Male,264 Golf Course Parkway,Luxembourgish
765,Sheela,Yakovich,syakovichl8@istockphoto.com,Female,7 Orin Junction,New Zealand Sign Language
766,Randie,Skerratt,rskerrattl9@photobucket.com,Male,6809 Independence Lane,Kurdish
767,Jess,De Mattia,jdemattiala@pbs.org,Male,44 Westend Place,Greek
768,Jillana,Beyer,jbeyerlb@elpais.com,Female,372 Gina Court,Punjabi
769,Colette,Cobbled,ccobbledlc@qq.com,Female,1486 Oak Valley Park,Polish
770,Leland,Blaby,lblabyld@163.com,Female,3090 Division Circle,Montenegrin
771,Klaus,ffrench Beytagh,kffrenchbeytaghle@cyberchimps.com,Male,8 Springs Hill,Tajik
772,Valma,Cubbit,vcubbitlf@youtube.com,Female,59294 Bluejay Alley,Macedonian
773,Brose,Phil,bphillg@newsvine.com,Male,651 Stuart Place,Hungarian
774,Terrie,Carnell,tcarnelllh@forbes.com,Female,28 Westport Place,Malay
775,Lon,Athy,lathyli@nih.gov,Male,309 Eastwood Alley,Montenegrin
776,Ginnifer,Levine,glevinelj@tinyurl.com,Female,6 Moland Terrace,German
777,Sigismond,Kenington,skeningtonlk@boston.com,Male,12601 High Crossing Way,New Zealand Sign Language
778,Hattie,Dybald,hdybaldll@discuz.net,Female,5480 Holmberg Plaza,Tajik
779,Brenn,Risso,brissolm@cyberchimps.com,Female,28 Dahle Crossing,Guaraní
780,Calhoun,Albrecht,calbrechtln@npr.org,Male,6 Rockefeller Drive,French
781,Bartie,Scottrell,bscottrelllo@latimes.com,Male,4 Schmedeman Alley,Kyrgyz
782,Sibylle,Torrejon,storrejonlp@myspace.com,Female,6017 Lighthouse Bay Point,Spanish
783,Otho,Adrian,oadrianlq@unc.edu,Male,98 Dryden Drive,Portuguese
784,Sibylle,Levee,sleveelr@cdc.gov,Female,6175 Montana Street,Lao
785,Craggie,Gepheart,cgepheartls@blogtalkradio.com,Male,2 Thackeray Crossing,Spanish
786,Natalya,Gollin,ngollinlt@theguardian.com,Female,3 Division Drive,Finnish
787,Kata,Zuenelli,kzuenellilu@sfgate.com,Female,630 Spohn Street,Guaraní
788,Kile,Beatson,kbeatsonlv@cdc.gov,Male,4221 Manufacturers Road,Kazakh
789,Tracey,Gelsthorpe,tgelsthorpelw@people.com.cn,Male,2 Marquette Junction,Oriya
790,Franciska,Neve,fnevelx@msn.com,Female,74 7th Plaza,Haitian Creole
791,Roxine,Frost,rfrostly@themeforest.net,Female,72 5th Crossing,Finnish
792,Hal,Raikes,hraikeslz@de.vu,Male,539 Hanover Alley,Hungarian
793,Kendrick,Bertolin,kbertolinm0@mashable.com,Male,5080 Sunfield Trail,Bulgarian
794,Felix,Jaszczak,fjaszczakm1@4shared.com,Male,132 Sommers Point,Thai
795,Corene,Ferminger,cfermingerm2@answers.com,Female,8 Buhler Alley,Punjabi
796,Jaquelyn,Kinsett,jkinsettm3@soundcloud.com,Female,822 Nobel Place,Ndebele
797,Leoline,Rosel,lroselm4@slate.com,Female,92811 Dwight Trail,Swedish
798,Hillie,Ahlin,hahlinm5@skyrock.com,Male,6 South Terrace,Danish
799,Cathie,Rippingall,crippingallm6@ebay.co.uk,Female,0 Florence Avenue,Māori
800,Waite,Grisewood,wgrisewoodm7@blogger.com,Male,9 Mayfield Center,Kazakh
801,Dare,Morland,dmorlandm8@eepurl.com,Male,874 Schurz Alley,Georgian
802,Hilarius,Kinnier,hkinnierm9@msn.com,Male,032 Cambridge Way,Persian
803,Afton,Wellard,awellardma@virginia.edu,Female,8879 4th Point,Māori
804,Lorelle,Drewell,ldrewellmb@g.co,Female,36 Scofield Center,Lithuanian
805,Ossie,Caulket,ocaulketmc@who.int,Male,59 Butterfield Drive,Tamil
806,Roddy,Dance,rdancemd@answers.com,Male,77 Artisan Crossing,Swedish
807,Fanechka,De La Coste,fdelacosteme@paginegialle.it,Female,8 Logan Crossing,Sotho
808,Conchita,Crellin,ccrellinmf@cnn.com,Female,4 Gina Trail,Dzongkha
809,Booth,Reddel,breddelmg@time.com,Male,1 Vera Parkway,Bengali
810,Kiele,Poytheras,kpoytherasmh@forbes.com,Female,2 Kedzie Junction,Dzongkha
811,Theo,Hastilow,thastilowmi@illinois.edu,Male,45480 Dunning Parkway,Swedish
812,Glyn,Bagott,gbagottmj@wunderground.com,Male,278 Nancy Pass,Romanian
813,Reggie,Dudney,rdudneymk@amazon.com,Male,4 Cody Trail,Indonesian
814,Dorree,Tolchar,dtolcharml@list-manage.com,Female,0097 Roth Street,Filipino
815,Doll,Ciciotti,dciciottimm@eepurl.com,Female,687 Arkansas Point,Dhivehi
816,Farlie,Drews,fdrewsmn@de.vu,Male,008 Arkansas Terrace,Danish
817,Thorin,Willars,twillarsmo@hc360.com,Male,5201 Atwood Terrace,Gujarati
818,Vannie,Elsay,velsaymp@desdev.cn,Female,6 Stuart Court,Marathi
819,Jacqueline,Vedenisov,jvedenisovmq@miitbeian.gov.cn,Female,7 Sundown Plaza,Zulu
820,Thayne,Flanner,tflannermr@admin.ch,Male,52 Transport Alley,Kannada
821,Shanda,Bygate,sbygatems@amazonaws.com,Female,5624 Tomscot Way,Northern Sotho
822,Cathyleen,Egan,ceganmt@tinyurl.com,Female,7178 Memorial Road,Montenegrin
823,Stesha,Deppe,sdeppemu@artisteer.com,Female,7 Stephen Alley,Irish Gaelic
824,Karil,Hakking,khakkingmv@ucla.edu,Female,76 Shasta Junction,Albanian
825,Mikey,Ambler,mamblermw@geocities.jp,Male,51974 Roth Trail,Macedonian
826,Alla,Purver,apurvermx@state.gov,Female,1 Sutteridge Plaza,Sotho
827,Atalanta,Falconer-Taylor,afalconertaylormy@hexun.com,Female,9579 Paget Street,Montenegrin
828,Raddy,Tyhurst,rtyhurstmz@techcrunch.com,Male,322 Division Road,Malagasy
829,Quintana,Rayhill,qrayhilln0@github.com,Female,1653 Aberg Parkway,Tajik
830,Elga,McKennan,emckennann1@ca.gov,Female,15 Dahle Hill,Lithuanian
831,Krissy,Rosen,krosenn2@census.gov,Female,45009 Menomonie Street,French
832,Emmey,Rannigan,erannigann3@weather.com,Female,9559 Waxwing Road,Tok Pisin
833,Sonya,Corde,scorden4@bbc.co.uk,Female,7 Columbus Place,Montenegrin
834,Lilla,Aldren,laldrenn5@discovery.com,Female,88 Farmco Terrace,Filipino
835,Davina,Esh,deshn6@bbc.co.uk,Female,38402 Chinook Parkway,Dhivehi
836,Antone,Tibols,atibolsn7@nytimes.com,Male,133 Del Mar Court,West Frisian
837,Jacobo,Adshad,jadshadn8@fema.gov,Male,51940 Mallory Plaza,Belarusian
838,Amberly,Mooney,amooneyn9@businesswire.com,Female,782 Burrows Avenue,Somali
839,Niko,Franceschielli,nfranceschiellina@1688.com,Male,4 Sachs Point,Swahili
840,Avery,Berge,abergenb@columbia.edu,Male,6169 Fremont Alley,Pashto
841,Kaela,Arrigucci,karriguccinc@vinaora.com,Female,870 Coleman Avenue,Hindi
842,Tiffi,McGahey,tmcgaheynd@skype.com,Female,59146 Monica Junction,Malay
843,Kayley,Fundell,kfundellne@eepurl.com,Female,6474 Jackson Junction,Arabic
844,Ulrike,Fensome,ufensomenf@sakura.ne.jp,Female,014 Portage Parkway,Fijian
845,Royall,Sirman,rsirmanng@dedecms.com,Male,13423 Vermont Place,Montenegrin
846,Gerardo,Geerdts,ggeerdtsnh@clickbank.net,Male,3 Mitchell Plaza,Dutch
847,Farrell,Lukianovich,flukianovichni@exblog.jp,Male,14998 Dryden Way,English
848,Nanete,Eaklee,neakleenj@boston.com,Female,1270 Northwestern Junction,Hebrew
849,Peyter,Danskine,pdanskinenk@ucla.edu,Male,41 Kenwood Center,Zulu
850,Arabela,Wakes,awakesnl@apple.com,Female,472 Springview Avenue,Assamese
851,Herbie,McHarry,hmcharrynm@npr.org,Male,420 Towne Place,Tajik
852,Isaak,Mawford,imawfordnn@npr.org,Male,08 Aberg Court,West Frisian
853,Lance,Scardifeild,lscardifeildno@dedecms.com,Male,9 Charing Cross Drive,Macedonian
854,Jillian,Woodroofe,jwoodroofenp@cbc.ca,Female,8 American Street,Kashmiri
855,Celestyn,Wanek,cwaneknq@sitemeter.com,Female,39 North Hill,Croatian
856,Alis,Schoolcroft,aschoolcroftnr@tumblr.com,Female,63 Rowland Alley,Latvian
857,Darn,Hubbucks,dhubbucksns@opera.com,Male,97 Eastlawn Circle,Hungarian
858,Haily,Dartan,hdartannt@prlog.org,Male,40137 Quincy Place,Norwegian
859,Ynez,Cunradi,ycunradinu@163.com,Female,700 Bonner Point,Icelandic
860,Decca,Snodden,dsnoddennv@shop-pro.jp,Male,27 Alpine Road,West Frisian
861,Vaclav,Ord,vordnw@microsoft.com,Male,0436 Cambridge Junction,Gujarati
862,Thaddus,Hague,thaguenx@sciencedaily.com,Male,69 Calypso Trail,Swedish
863,Arda,People,apeopleny@google.com.au,Female,824 Thompson Place,Oriya
864,Rolf,Fetters,rfettersnz@si.edu,Male,80383 Stoughton Plaza,Malagasy
865,Vinson,MacCarter,vmaccartero0@mediafire.com,Male,8417 Graedel Trail,Chinese
866,Lombard,McCaig,lmccaigo1@pbs.org,Male,61999 North Terrace,Malagasy
867,Bondie,Sutherel,bsutherelo2@unblog.fr,Male,722 Talisman Trail,Filipino
868,Conn,Mingauld,cmingauldo3@wiley.com,Male,2 Loeprich Junction,Nepali
869,Janette,Gabby,jgabbyo4@sohu.com,Female,18 Cody Plaza,Belarusian
870,Basilio,Wickendon,bwickendono5@columbia.edu,Male,7 Autumn Leaf Point,Irish Gaelic
871,Ludovico,Jessett,ljessetto6@prweb.com,Male,71319 Northwestern Plaza,Persian
872,Connie,Covotti,ccovottio7@boston.com,Male,38 Marquette Point,French
873,Winston,Keningley,wkeningleyo8@instagram.com,Male,79 Ramsey Alley,Mongolian
874,Hy,Wiggett,hwiggetto9@godaddy.com,Male,9 Stone Corner Pass,Kannada
875,Ardenia,Yewdale,ayewdaleoa@pagesperso-orange.fr,Female,88211 Waubesa Pass,Punjabi
876,Katti,Kassel,kkasselob@hc360.com,Female,5 Sunfield Road,Swedish
877,Nev,Gowthorpe,ngowthorpeoc@creativecommons.org,Male,62054 Sauthoff Way,Greek
878,Levi,Dand,ldandod@slate.com,Male,08829 Bay Pass,Māori
879,Gawen,Aubrun,gaubrunoe@loc.gov,Male,6117 Cambridge Way,Estonian
880,Melesa,Leadbitter,mleadbitterof@aol.com,Female,2880 Algoma Avenue,Marathi
881,Carling,Brazur,cbrazurog@e-recht24.de,Male,32676 Buhler Street,Kashmiri
882,Ertha,Hamby,ehambyoh@gravatar.com,Female,13298 Oneill Road,Tsonga
883,Jeromy,Phillipps,jphillippsoi@over-blog.com,Male,42 Eagan Circle,Moldovan
884,Levey,Riseam,lriseamoj@vkontakte.ru,Male,54925 Mccormick Parkway,Azeri
885,Justine,Goney,jgoneyok@epa.gov,Female,7710 Hagan Alley,Greek
886,Shaw,Rathjen,srathjenol@wix.com,Male,96652 Prairie Rose Point,Maltese
887,Jo ann,Rubinek,jrubinekom@macromedia.com,Female,9450 Charing Cross Road,Finnish
888,Nannie,Hulland,nhullandon@dropbox.com,Female,4596 Glendale Junction,Tsonga
889,Glory,Malinson,gmalinsonoo@usa.gov,Female,64981 Annamark Trail,Hungarian
890,Noak,Bedbury,nbedburyop@miibeian.gov.cn,Male,81063 Glacier Hill Place,Romanian
891,Aubrey,Travers,atraversoq@oakley.com,Female,2 Cordelia Crossing,New Zealand Sign Language
892,Sanson,Reckhouse,sreckhouseor@surveymonkey.com,Male,990 Loftsgordon Terrace,Lithuanian
893,Lee,Ruppeli,lruppelios@alexa.com,Male,51 Kim Center,Spanish
894,Devy,Paffley,dpaffleyot@google.de,Male,80 Fieldstone Place,Kyrgyz
895,Rollo,Arderne,rarderneou@redcross.org,Male,5903 Maywood Road,Bosnian
896,Felicity,Christophersen,fchristophersenov@hao123.com,Female,84 Lien Drive,Haitian Creole
897,Keven,Domaschke,kdomaschkeow@woothemes.com,Male,17050 Veith Alley,Tamil
898,Ardith,Joanaud,ajoanaudox@sitemeter.com,Female,76641 Tennyson Street,Swahili
899,Bessy,Ingrem,bingremoy@dmoz.org,Female,34378 Monterey Trail,French
900,Tully,Aronson,taronsonoz@photobucket.com,Male,19 Briar Crest Drive,Mongolian
901,Cybill,Iseton,cisetonp0@bizjournals.com,Female,19 Hallows Center,Icelandic
902,Beckie,Mingardo,bmingardop1@marketwatch.com,Female,568 Shasta Court,Papiamento
903,Lindsy,Draysey,ldrayseyp2@usnews.com,Female,12 Cherokee Avenue,Czech
904,Gran,Drains,gdrainsp3@yellowbook.com,Male,0 Algoma Trail,Malayalam
905,Gal,Errichiello,gerrichiellop4@creativecommons.org,Male,529 Granby Pass,Arabic
906,Ruperto,Chesshyre,rchesshyrep5@jiathis.com,Male,9325 Pond Alley,Tajik
907,Minnie,Jouaneton,mjouanetonp6@senate.gov,Female,52482 Weeping Birch Center,Fijian
908,Garfield,Remirez,gremirezp7@upenn.edu,Male,273 Steensland Plaza,Malagasy
909,Liva,Readwing,lreadwingp8@myspace.com,Female,72484 Fulton Pass,Quechua
910,Erek,Abramof,eabramofp9@bbc.co.uk,Male,029 Cottonwood Alley,Quechua
911,Lyman,Bellin,lbellinpa@flavors.me,Male,95 Charing Cross Junction,Lithuanian
912,Glad,Shemming,gshemmingpb@acquirethisname.com,Female,86 Independence Plaza,French
913,Amos,Gilphillan,agilphillanpc@jalbum.net,Male,36885 Spaight Hill,Aymara
914,Karia,Parsall,kparsallpd@umich.edu,Female,36299 Goodland Court,Hindi
915,Fallon,Coath,fcoathpe@posterous.com,Female,76494 Brickson Park Parkway,Marathi
916,Skipton,Soldan,ssoldanpf@mashable.com,Male,894 Quincy Parkway,Telugu
917,Hoyt,Gauntley,hgauntleypg@ask.com,Male,7 Coolidge Avenue,Belarusian
918,Anton,Guwer,aguwerph@cnn.com,Male,24739 Crescent Oaks Park,Malay
919,Carlo,Randal,crandalpi@cnbc.com,Male,2 Artisan Avenue,Marathi
920,Celinka,McLenaghan,cmclenaghanpj@technorati.com,Female,667 Tennessee Point,Greek
921,Tracey,Klimentyonok,tklimentyonokpk@si.edu,Female,83 Golf Terrace,Greek
922,Tommi,Saill,tsaillpl@biblegateway.com,Female,11 Eastlawn Avenue,Khmer
923,Jeni,Espino,jespinopm@flickr.com,Female,019 Beilfuss Circle,Swahili
924,Asher,Yanele,ayanelepn@theguardian.com,Male,60 Aberg Street,Khmer
925,Veronica,Hampson,vhampsonpo@cloudflare.com,Female,9429 Eastwood Trail,Swedish
926,Misti,Zellner,mzellnerpp@purevolume.com,Female,5 Summerview Place,Kazakh
927,Stephi,Shaplin,sshaplinpq@state.gov,Female,1999 Green Street,Swati
928,Clayson,Leheude,cleheudepr@ning.com,Male,03075 Tennessee Trail,Ndebele
929,Aryn,Allatt,aallattps@posterous.com,Female,695 Oneill Plaza,Danish
930,Odille,Leehane,oleehanept@ovh.net,Female,144 Center Place,Burmese
931,Delano,Lennarde,dlennardepu@twitter.com,Male,6879 Bartelt Street,Icelandic
932,Traci,Cockran,tcockranpv@youtube.com,Female,02 Thompson Avenue,Chinese
933,Anton,Orteaux,aorteauxpw@java.com,Male,88598 Alpine Circle,French
934,Dorine,Harman,dharmanpx@nbcnews.com,Female,2037 Eliot Pass,Portuguese
935,Edyth,Poulson,epoulsonpy@ifeng.com,Female,38 Rockefeller Hill,Nepali
936,Berthe,Pobjoy,bpobjoypz@ovh.net,Female,963 Straubel Court,Somali
937,Julietta,Bushen,jbushenq0@tinypic.com,Female,93 Chive Court,Assamese
938,Foss,Haskur,fhaskurq1@mail.ru,Male,02 Stang Trail,Amharic
939,Martie,Thunnerclef,mthunnerclefq2@prlog.org,Female,272 Scoville Crossing,Bislama
940,Klarrisa,Luetchford,kluetchfordq3@desdev.cn,Female,7 Veith Alley,Kashmiri
941,Jaquith,Pavlenkov,jpavlenkovq4@behance.net,Female,82453 Jay Court,Yiddish
942,Doroteya,Herley,dherleyq5@diigo.com,Female,1 Grasskamp Trail,Bengali
943,Alexa,Maria,amariaq6@spotify.com,Female,210 Old Shore Plaza,Dhivehi
944,Robert,Bedboro,rbedboroq7@cdbaby.com,Male,1 Birchwood Trail,Kazakh
945,Amery,Vain,avainq8@archive.org,Male,713 Westend Point,Ndebele
946,Micky,Arnison,marnisonq9@mayoclinic.com,Female,35 Fairview Circle,Croatian
947,Faulkner,Dray,fdrayqa@hibu.com,Male,81 Grover Road,Quechua
948,Alasteir,Noulton,anoultonqb@ox.ac.uk,Male,27 Mallard Crossing,Dari
949,Carey,Delatour,cdelatourqc@ucoz.ru,Female,016 Sunnyside Crossing,Yiddish
950,Georges,Filippi,gfilippiqd@artisteer.com,Male,84 7th Center,Malagasy
951,Samara,Rayburn,srayburnqe@zdnet.com,Female,00 Springs Way,Dhivehi
952,Xymenes,Seine,xseineqf@yandex.ru,Male,728 Sunbrook Crossing,Chinese
953,Bernardo,Clery,bcleryqg@sakura.ne.jp,Male,7809 Talisman Park,Malagasy
954,Karlen,MacPake,kmacpakeqh@comsenz.com,Female,4 Maple Wood Circle,Danish
955,Dalt,Chinery,dchineryqi@wikipedia.org,Male,034 Eastlawn Lane,Tajik
956,Georgena,Stoll,gstollqj@ebay.co.uk,Female,4833 Glacier Hill Road,Punjabi
957,Ulysses,Ervine,uervineqk@bandcamp.com,Male,9 Golden Leaf Plaza,Gagauz
958,Kissee,Chambers,kchambersql@bandcamp.com,Female,8749 Laurel Place,Bislama
959,Glynnis,Celes,gcelesqm@bandcamp.com,Female,03494 Delaware Court,Lao
960,Sylvia,Gouldie,sgouldieqn@behance.net,Female,110 Ridge Oak Trail,Chinese
961,Chrystel,Eyrl,ceyrlqo@yelp.com,Female,62 Little Fleur Place,Armenian
962,Sallyanne,Wrout,swroutqp@vinaora.com,Female,0 Lyons Place,Hebrew
963,Arty,Sarfatti,asarfattiqq@desdev.cn,Male,69459 Waxwing Hill,Moldovan
964,Levi,Purbrick,lpurbrickqr@friendfeed.com,Male,81032 Amoth Junction,Zulu
965,Donal,Van der Daal,dvanderdaalqs@youku.com,Male,35059 Pepper Wood Point,Korean
966,Jamaal,Gavin,jgavinqt@tmall.com,Male,199 Blackbird Road,Swedish
967,Thaine,Cardo,tcardoqu@topsy.com,Male,83 Badeau Circle,Tswana
968,Isidore,Hedderly,ihedderlyqv@cargocollective.com,Male,1550 Pawling Terrace,Dutch
969,Rene,Yurov,ryurovqw@fda.gov,Female,8 Twin Pines Hill,Icelandic
970,Gino,Wotton,gwottonqx@dedecms.com,Male,7 Crescent Oaks Hill,West Frisian
971,Chelsey,Siehard,csiehardqy@wikispaces.com,Female,2 Tomscot Plaza,Kurdish
972,Christi,Lackner,clacknerqz@narod.ru,Female,79228 Waywood Pass,West Frisian
973,Gayla,Toulch,gtoulchr0@washington.edu,Female,0 Barnett Street,Malayalam
974,Brendon,Mawer,bmawerr1@oaic.gov.au,Male,364 Longview Terrace,Zulu
975,Clint,Barwise,cbarwiser2@loc.gov,Male,7 Merry Place,Malay
976,Kristofer,Finnis,kfinnisr3@vimeo.com,Male,569 Cottonwood Hill,Dzongkha
977,Port,Rodger,prodgerr4@house.gov,Male,09264 Hallows Alley,Greek
978,Yorke,MacClancey,ymacclanceyr5@bluehost.com,Male,47009 Lighthouse Bay Crossing,German
979,Alanna,Lawrence,alawrencer6@fc2.com,Female,85473 Northview Trail,Māori
980,Geri,Inde,ginder7@stumbleupon.com,Female,66 Bobwhite Court,Latvian
981,Sammie,Hallut,shallutr8@sphinn.com,Male,30 Carpenter Center,Maltese
982,Phillip,Abbiss,pabbissr9@amazon.com,Male,5 Linden Lane,Albanian
983,Marcelline,Wharmby,mwharmbyra@wired.com,Female,215 Loomis Hill,Dzongkha
984,Bealle,Hauxwell,bhauxwellrb@youtube.com,Male,019 Thackeray Point,Amharic
985,Brittney,McKeaney,bmckeaneyrc@google.com.br,Female,054 Forest Run Pass,Haitian Creole
986,Melisandra,Stigger,mstiggerrd@nba.com,Female,60870 Bartillon Trail,Hiri Motu
987,Aurelea,Boncoeur,aboncoeurre@studiopress.com,Female,60 Dexter Junction,Luxembourgish
988,Madge,Brittain,mbrittainrf@liveinternet.ru,Female,46 Manley Circle,Estonian
989,Chilton,Figger,cfiggerrg@pbs.org,Male,600 Elgar Center,Arabic
990,Donnie,Inmett,dinmettrh@answers.com,Female,7690 Everett Trail,Lithuanian
991,Hetty,Rohlf,hrohlfri@pagesperso-orange.fr,Female,1 Coleman Pass,Finnish
992,Roosevelt,Hexham,rhexhamrj@ca.gov,Male,7627 Corry Plaza,Polish
993,Veradis,Geerits,vgeeritsrk@msn.com,Female,02864 Charing Cross Court,Georgian
994,Kimbra,Steuhlmeyer,ksteuhlmeyerrl@businessinsider.com,Female,3 Grayhawk Avenue,Dhivehi
995,Bron,Avramovitz,bavramovitzrm@360.cn,Male,3 Division Place,Bengali
996,Jeri,Obert,jobertrn@godaddy.com,Female,88434 Moulton Alley,Dari
997,Cherri,Torbet,ctorbetro@uol.com.br,Female,5 Utah Way,Zulu
998,Briggs,Kubiak,bkubiakrp@deliciousdays.com,Male,4648 Anderson Parkway,Tajik
999,Melli,Steadman,msteadmanrq@google.co.uk,Female,714 Tennyson Place,Tswana
1000,Harvey,Antoniades,hantoniadesrr@flavors.me,Male,1881 Ridge Oak Way,Maltese